time;cc;earfcn;pci;rsrp;pl;cfo;pci_neigh;rsrp_neigh;cfo_neigh;dl_mcs;dl_snr;dl_turbo;dl_brate;dl_bler;ul_ta;distance_km;speed_kmph;ul_mcs;ul_buff;ul_brate;ul_bler;rf_o;rf_u;rf_l;is_attached;proc_rmem;proc_rmem_kB;proc_vmem_kB;sys_mem;sys_load;thread_count;cpu_0;cpu_1;cpu_2;cpu_3;cpu_4;cpu_5
997;0;1694;340;-97;102;-2442.694824;n/a;n/a;n/a;7.7;8.9;1.0;521;0;0.0;0.0;0.0;0.0;0.0;0.0;0.0;0.0;0.0;0.0;0.0;12;837208;1598680;42;9.5;20;36;25;27;24;0.0;0.0
1995;0;1694;340;-97;112;-2421.467773;n/a;n/a;n/a;4.0;8.7;1.0;562;0;0.0;0.0;0.0;0.0;0.0;0.0;0.0;0.0;0.0;0.0;0.0;12;837208;1598680;42;14;20;42;29;26;26;0.0;0.0
2993;0;1694;340;-97;112;-2427.643066;n/a;n/a;n/a;0.0;8.7;0.0;0.0;0.0;0.0;0.0;0.0;0.0;0.0;0.0;0.0;0.0;0.0;0.0;0.0;12;837208;1598680;42;15;20;29;26;36;34;0.0;0.0
3991;0;1694;340;-97;112;-2427.618164;n/a;n/a;n/a;0.0;8.7;0.0;0.0;0.0;0.0;0.0;0.0;0.0;0.0;0.0;0.0;0.0;0.0;0.0;0.0;12;837208;1598680;42;14;20;37;27;28;27;0.0;0.0
4989;0;1694;340;-97;112;-2428.785156;n/a;n/a;n/a;0.0;8.6;0.0;0.0;0.0;0.0;0.0;0.0;0.0;0.0;0.0;0.0;0.0;0.0;0.0;0.0;12;837208;1664216;42;15;20;49;29;35;34;0.0;0.0
5987;0;1694;340;-97;112;-2428.062988;n/a;n/a;n/a;0.0;8.8;0.0;0.0;0.0;0.0;0.0;0.0;0.0;0.0;0.0;0.0;0.0;0.0;0.0;0.0;12;837208;1664216;42;15;20;40;27;37;32;0.0;0.0
6985;0;1694;340;-97;112;-2426.949707;n/a;n/a;n/a;0.0;8.7;0.0;0.0;0.0;0.0;0.0;0.0;0.0;0.0;0.0;0.0;0.0;0.0;0.0;0.0;12;837208;1664216;42;14;20;45;28;24;26;0.0;0.0
7983;0;1694;340;-96;111;-2427.820801;n/a;n/a;n/a;0.0;9.1;0.0;0.0;0.0;0.0;0.0;0.0;0.0;0.0;0.0;0.0;0.0;0.0;0.0;0.0;12;837208;1664216;42;14;20;47;34;19;19;0.0;0.0
8981;0;1694;340;-97;112;-2427.299072;n/a;n/a;n/a;0.0;8.8;0.0;0.0;0.0;0.0;0.0;0.0;0.0;0.0;0.0;0.0;0.0;0.0;0.0;0.0;12;837208;1664216;42;14;20;48;35;25;24;0.0;0.0
9979;0;1694;340;-96;111;-2428.467529;n/a;n/a;n/a;0.0;7.9;0.0;0.0;0.0;0.0;0.0;0.0;0.0;0.0;0.0;0.0;0.0;0.0;0.0;0.0;12;837208;1664216;42;14;20;48;35;25;37;0.0;0.0
10977;0;1694;340;-97;112;-2427.360352;n/a;n/a;n/a;0.0;8.7;0.0;0.0;0.0;0.0;0.0;0.0;0.0;0.0;0.0;0.0;0.0;0.0;0.0;0.0;12;837208;1664216;42;14;20;32;24;34;35;0.0;0.0
11976;0;1694;340;-97;112;-2427.496582;n/a;n/a;n/a;0.0;8.5;0.0;0.0;0.0;0.0;0.0;0.0;0.0;0.0;0.0;0.0;0.0;0.0;0.0;0.0;12;837208;1664216;42;14;20;33;26;33;32;0.0;0.0
12974;0;1694;340;-97;112;-2428.291504;n/a;n/a;n/a;0.0;8.7;0.0;0.0;0.0;0.0;0.0;0.0;0.0;0.0;0.0;0.0;0.0;0.0;0.0;0.0;12;837208;1664216;42;14;20;34;27;39;38;0.0;0.0
13972;0;1694;340;-96;111;-2428.270020;n/a;n/a;n/a;0.0;8.0;0.0;0.0;0.0;0.0;0.0;0.0;0.0;0.0;0.0;0.0;0.0;0.0;0.0;0.0;12;837208;1664216;42;14;20;30;26;38;37;0.0;0.0
14970;0;1694;340;-96;111;-2427.667480;n/a;n/a;n/a;0.0;8.4;0.0;0.0;0.0;0.0;0.0;0.0;0.0;0.0;0.0;0.0;0.0;0.0;0.0;0.0;12;837208;1664216;42;14;20;32;35;33;42;0.0;0.0
15969;0;1694;340;-96;111;-2427.641846;n/a;n/a;n/a;0.0;9.2;0.0;0.0;0.0;0.0;0.0;0.0;0.0;0.0;0.0;0.0;0.0;0.0;0.0;0.0;12;837208;1664216;42;14;20;29;25;32;32;0.0;0.0
16967;0;1694;340;-97;112;-2427.975586;n/a;n/a;n/a;0.0;9.1;0.0;0.0;0.0;0.0;0.0;0.0;0.0;0.0;0.0;0.0;0.0;0.0;0.0;0.0;12;837208;1664216;42;14;20;37;27;32;35;0.0;0.0
17965;0;1694;340;-97;112;-2428.366455;n/a;n/a;n/a;0.0;8.9;0.0;0.0;0.0;0.0;0.0;0.0;0.0;0.0;0.0;0.0;0.0;0.0;0.0;0.0;12;837208;1664216;42;14;20;47;33;34;37;0.0;0.0
18963;0;1694;340;-97;112;-2428.890381;n/a;n/a;n/a;0.0;9.0;0.0;0.0;0.0;0.0;0.0;0.0;0.0;0.0;0.0;0.0;0.0;0.0;0.0;0.0;12;837208;1664216;42;14;20;42;36;40;41;0.0;0.0
19962;0;1694;340;-97;112;-2429.299316;n/a;n/a;n/a;0.0;8.9;0.0;0.0;0.0;0.0;0.0;0.0;0.0;0.0;0.0;0.0;0.0;0.0;0.0;0.0;12;837208;1664216;42;14;20;72;47;55;75;0.0;0.0
20960;0;1694;340;-96;111;-2427.939453;n/a;n/a;n/a;0.0;9.1;0.0;0.0;0.0;0.0;0.0;0.0;0.0;0.0;0.0;0.0;0.0;0.0;0.0;0.0;12;837208;1664216;42;14;20;97;25;44;43;0.0;0.0
21958;0;1694;340;-97;112;-2427.354980;n/a;n/a;n/a;0.0;9.0;0.0;0.0;0.0;0.0;0.0;0.0;0.0;0.0;0.0;0.0;0.0;0.0;0.0;0.0;12;837208;1664216;42;14;20;46;37;68;43;0.0;0.0
22956;0;1694;340;-96;111;-2427.557861;n/a;n/a;n/a;0.0;9.1;0.0;0.0;0.0;0.0;0.0;0.0;0.0;0.0;0.0;0.0;0.0;0.0;0.0;0.0;12;837208;1664216;42;14;20;48;36;22;23;0.0;0.0
23954;0;1694;340;-96;111;-2428.666992;n/a;n/a;n/a;0.0;9.1;0.0;0.0;0.0;0.0;0.0;0.0;0.0;0.0;0.0;0.0;0.0;0.0;0.0;0.0;12;837208;1664216;42;14;20;40;28;48;39;0.0;0.0
24952;0;1694;340;-97;112;-2427.579102;n/a;n/a;n/a;0.0;9.0;0.0;0.0;0.0;0.0;0.0;0.0;0.0;0.0;0.0;0.0;0.0;0.0;0.0;0.0;12;837208;1664216;42;13;20;42;33;24;28;0.0;0.0
25950;0;1694;340;-96;111;-2441.236328;n/a;n/a;n/a;7.7;8.4;1.0;454;0;0.0;0.0;0.0;0.0;0.0;0.0;0.0;0.0;0.0;0.0;0.0;12;837208;1664216;42;12;20;30;20;40;31;0.0;0.0
26948;0;1694;340;-97;112;-2413.405518;n/a;n/a;n/a;4.0;8.8;1.0;569;0;0.0;0.0;0.0;0.0;0.0;0.0;0.0;0.0;0.0;0.0;0.0;12;837208;1664216;42;13;20;48;35;21;21;0.0;0.0
27946;0;1694;340;-97;112;-2427.693115;n/a;n/a;n/a;0.0;9.0;0.0;0.0;0.0;0.0;0.0;0.0;0.0;0.0;0.0;0.0;0.0;0.0;0.0;0.0;12;837208;1664216;42;14;20;49;38;20;18;0.0;0.0
28944;0;1694;340;-96;111;-2427.935059;n/a;n/a;n/a;0.0;9.3;0.0;0.0;0.0;0.0;0.0;0.0;0.0;0.0;0.0;0.0;0.0;0.0;0.0;0.0;12;837208;1664216;42;14;20;39;23;35;32;0.0;0.0
29943;0;1694;340;-96;111;-2427.804688;n/a;n/a;n/a;0.0;9.4;0.0;0.0;0.0;0.0;0.0;0.0;0.0;0.0;0.0;0.0;0.0;0.0;0.0;0.0;12;837208;1664216;42;14;20;26;15;48;44;0.0;0.0
30941;0;1694;340;-96;111;-2430.336914;n/a;n/a;n/a;0.0;8.0;0.0;0.0;0.0;0.0;0.0;0.0;0.0;0.0;0.0;0.0;0.0;0.0;0.0;0.0;12;837208;1664216;42;14;20;35;21;39;40;0.0;0.0
31939;0;1694;340;-96;111;-2429.001953;n/a;n/a;n/a;0.0;9.3;0.0;0.0;0.0;0.0;0.0;0.0;0.0;0.0;0.0;0.0;0.0;0.0;0.0;0.0;12;837208;1664216;42;14;20;38;44;43;44;0.0;0.0
32937;0;1694;340;-96;111;-2428.380615;n/a;n/a;n/a;0.0;9.0;0.0;0.0;0.0;0.0;0.0;0.0;0.0;0.0;0.0;0.0;0.0;0.0;0.0;0.0;12;837208;1664216;42;14;20;37;23;35;37;0.0;0.0
33935;0;1694;340;-97;112;-2428.443848;n/a;n/a;n/a;0.0;9.0;0.0;0.0;0.0;0.0;0.0;0.0;0.0;0.0;0.0;0.0;0.0;0.0;0.0;0.0;12;837208;1664216;42;14;20;28;19;37;37;0.0;0.0
34933;0;1694;340;-97;112;-2427.853271;n/a;n/a;n/a;0.0;9.0;0.0;0.0;0.0;0.0;0.0;0.0;0.0;0.0;0.0;0.0;0.0;0.0;0.0;0.0;12;837208;1664216;42;14;20;40;39;40;34;0.0;0.0
35931;0;1694;340;-97;112;-2428.100098;n/a;n/a;n/a;0.0;9.0;0.0;0.0;0.0;0.0;0.0;0.0;0.0;0.0;0.0;0.0;0.0;0.0;0.0;0.0;12;837208;1664216;42;14;20;40;27;33;32;0.0;0.0
36929;0;1694;340;-97;112;-2428.077148;n/a;n/a;n/a;0.0;9.0;0.0;0.0;0.0;0.0;0.0;0.0;0.0;0.0;0.0;0.0;0.0;0.0;0.0;0.0;12;837208;1664216;42;14;20;48;36;17;17;0.0;0.0
37927;0;1694;340;-96;111;-2429.820068;n/a;n/a;n/a;0.0;8.9;0.0;0.0;0.0;0.0;0.0;0.0;0.0;0.0;0.0;0.0;0.0;0.0;0.0;0.0;12;837208;1664216;42;13;20;33;24;30;31;0.0;0.0
38925;0;1694;340;-97;112;-2429.212402;n/a;n/a;n/a;0.0;9.0;0.0;0.0;0.0;0.0;0.0;0.0;0.0;0.0;0.0;0.0;0.0;0.0;0.0;0.0;12;837208;1664216;42;14;20;38;31;29;31;0.0;0.0
39923;0;1694;340;-98;113;-2696.469238;n/a;n/a;n/a;0.0;5.9;0.0;0.0;0.0;0.0;0.0;0.0;0.0;0.0;0.0;0.0;1.0;0.0;0.0;0.0;12;837208;1664216;42;15;20;45;35;33;36;0.0;0.0
40921;0;1694;340;-98;113;-2708.066406;n/a;n/a;n/a;0.0;5.9;0.0;0.0;0.0;0.0;0.0;0.0;0.0;0.0;0.0;0.0;0.0;0.0;0.0;0.0;12;837208;1664216;42;15;20;55;41;15;14;0.0;0.0
41919;0;1694;340;-97;112;-2429.854004;n/a;n/a;n/a;0.0;9.0;0.0;0.0;0.0;0.0;0.0;0.0;0.0;0.0;0.0;0.0;0.0;0.0;0.0;0.0;12;837208;1664216;42;14;20;49;38;16;21;0.0;0.0
42917;0;1694;340;-97;112;-2429.798096;n/a;n/a;n/a;0.0;8.8;0.0;0.0;0.0;0.0;0.0;0.0;0.0;0.0;0.0;0.0;0.0;0.0;0.0;0.0;12;837208;1664216;42;14;20;50;38;15;15;0.0;0.0
43915;0;1694;340;-96;111;-2430.044922;n/a;n/a;n/a;0.0;9.2;0.0;0.0;0.0;0.0;0.0;0.0;0.0;0.0;0.0;0.0;0.0;0.0;0.0;0.0;12;837208;1664216;42;13;20;34;24;30;30;0.0;0.0
44913;0;1694;340;-96;111;-2429.841309;n/a;n/a;n/a;0.0;9.2;0.0;0.0;0.0;0.0;0.0;0.0;0.0;0.0;0.0;0.0;0.0;0.0;0.0;0.0;12;837208;1664216;42;13;20;50;23;39;28;0.0;0.0
45911;0;1694;340;-96;111;-2430.882568;n/a;n/a;n/a;0.0;9.3;0.0;0.0;0.0;0.0;0.0;0.0;0.0;0.0;0.0;0.0;0.0;0.0;0.0;0.0;12;837208;1664216;42;14;20;33;30;36;33;0.0;0.0
46909;0;1694;340;-96;111;-2429.660156;n/a;n/a;n/a;0.0;9.4;0.0;0.0;0.0;0.0;0.0;0.0;0.0;0.0;0.0;0.0;0.0;0.0;0.0;0.0;12;837208;1664216;42;14;20;41;42;35;34;0.0;0.0
47907;0;1694;340;-96;111;-2430.519043;n/a;n/a;n/a;0.0;9.3;0.0;0.0;0.0;0.0;0.0;0.0;0.0;0.0;0.0;0.0;0.0;0.0;0.0;0.0;12;837208;1664216;42;14;20;38;25;35;35;0.0;0.0
48905;0;1694;340;-96;111;-2430.560059;n/a;n/a;n/a;0.0;9.2;0.0;0.0;0.0;0.0;0.0;0.0;0.0;0.0;0.0;0.0;0.0;0.0;0.0;0.0;12;837208;1664216;42;14;20;28;25;32;32;0.0;0.0
49903;0;1694;340;-96;111;-2431.320068;n/a;n/a;n/a;0.0;9.1;0.0;0.0;0.0;0.0;0.0;0.0;0.0;0.0;0.0;0.0;0.0;0.0;0.0;0.0;12;837208;1664216;42;14;20;36;26;41;29;0.0;0.0
50901;0;1694;340;-97;112;-2371.838867;n/a;n/a;n/a;7.7;8.4;1.0;432;0;0.0;0.0;0.0;0.0;0.0;0.0;0.0;0.0;0.0;0.0;0.0;12;837208;1664216;42;11;20;32;25;26;27;0.0;0.0
51899;0;1694;340;-97;112;-2431.932129;n/a;n/a;n/a;4.0;8.6;1.0;570;0;0.0;0.0;0.0;0.0;0.0;0.0;0.0;0.0;0.0;0.0;0.0;12;837208;1664216;42;13;20;45;31;36;38;0.0;0.0
52897;0;1694;340;-97;112;-2430.991211;n/a;n/a;n/a;0.0;8.9;0.0;0.0;0.0;0.0;0.0;0.0;0.0;0.0;0.0;0.0;0.0;0.0;0.0;0.0;12;837208;1664216;42;14;20;34;32;33;38;0.0;0.0
53895;0;1694;340;-96;111;-2431.032227;n/a;n/a;n/a;0.0;8.8;0.0;0.0;0.0;0.0;0.0;0.0;0.0;0.0;0.0;0.0;0.0;0.0;0.0;0.0;12;837208;1664216;42;14;20;35;26;37;36;0.0;0.0
54893;0;1694;340;-96;111;-2431.142578;n/a;n/a;n/a;0.0;9.3;0.0;0.0;0.0;0.0;0.0;0.0;0.0;0.0;0.0;0.0;0.0;0.0;0.0;0.0;12;837208;1664216;42;15;20;70;69;41;55;0.0;0.0
55891;0;1694;340;-96;111;-2430.350586;n/a;n/a;n/a;0.0;9.3;0.0;0.0;0.0;0.0;0.0;0.0;0.0;0.0;0.0;0.0;0.0;0.0;0.0;0.0;12;837208;1664216;42;14;20;58;42;90;38;0.0;0.0
56889;0;1694;340;-101;116;-4583.811523;n/a;n/a;n/a;0.0;1.7;0.0;0.0;0.0;0.0;0.0;0.0;0.0;0.0;0.0;0.0;4.0;0.0;0.0;0.0;12;837208;1664216;42;18;20;73;66;76;79;0.0;0.0
57887;0;1694;340;-97;112;-2689.941162;n/a;n/a;n/a;0.0;7.9;0.0;0.0;0.0;0.0;0.0;0.0;0.0;0.0;0.0;0.0;0.0;0.0;0.0;0.0;12;837208;1664216;42;14;20;37;25;34;36;0.0;0.0
58885;0;1694;340;-96;111;-2431.153320;n/a;n/a;n/a;0.0;9.3;0.0;0.0;0.0;0.0;0.0;0.0;0.0;0.0;0.0;0.0;0.0;0.0;0.0;0.0;12;837208;1664216;42;13;20;38;27;27;30;0.0;0.0
59883;0;1694;340;-97;112;-2430.520752;n/a;n/a;n/a;0.0;8.9;0.0;0.0;0.0;0.0;0.0;0.0;0.0;0.0;0.0;0.0;0.0;0.0;0.0;0.0;12;837208;1664216;42;14;20;47;33;16;21;0.0;0.0
60881;0;1694;340;-96;111;-2431.277344;n/a;n/a;n/a;0.0;9.2;0.0;0.0;0.0;0.0;0.0;0.0;0.0;0.0;0.0;0.0;0.0;0.0;0.0;0.0;12;837208;1664216;42;14;20;45;33;18;16;0.0;0.0
61879;0;1694;340;-97;112;-2431.043213;n/a;n/a;n/a;0.0;8.4;0.0;0.0;0.0;0.0;0.0;0.0;0.0;0.0;0.0;0.0;0.0;0.0;0.0;0.0;12;837208;1664216;42;14;20;51;45;29;40;0.0;0.0
62877;0;1694;340;-97;112;-2431.874512;n/a;n/a;n/a;0.0;8.0;0.0;0.0;0.0;0.0;0.0;0.0;0.0;0.0;0.0;0.0;0.0;0.0;0.0;0.0;12;837208;1664216;42;14;20;42;25;27;26;0.0;0.0
63875;0;1694;340;-97;112;-2432.390137;n/a;n/a;n/a;0.0;8.2;0.0;0.0;0.0;0.0;0.0;0.0;0.0;0.0;0.0;0.0;0.0;0.0;0.0;0.0;12;837208;1664216;42;14;20;46;33;17;18;0.0;0.0
64873;0;1694;340;-97;112;-2430.506836;n/a;n/a;n/a;0.0;8.5;0.0;0.0;0.0;0.0;0.0;0.0;0.0;0.0;0.0;0.0;0.0;0.0;0.0;0.0;12;837208;1664216;42;14;20;46;33;18;17;0.0;0.0
65871;0;1694;340;-96;111;-2431.067139;n/a;n/a;n/a;0.0;9.3;0.0;0.0;0.0;0.0;0.0;0.0;0.0;0.0;0.0;0.0;0.0;0.0;0.0;0.0;12;837208;1664216;42;14;20;45;33;17;19;0.0;0.0
66869;0;1694;340;-98;113;-2427.636963;n/a;n/a;n/a;0.0;6.1;0.0;0.0;0.0;0.0;0.0;0.0;0.0;0.0;0.0;0.0;1.0;0.0;0.0;0.0;12;837208;1664216;42;15;20;47;32;37;33;0.0;0.0
67867;0;1694;340;-100;115;1665.309814;n/a;n/a;n/a;0.0;1.2;0.0;0.0;0.0;0.0;0.0;0.0;0.0;0.0;0.0;0.0;0.0;0.0;0.0;0.0;12;837208;1664216;42;16;20;37;26;35;44;0.0;0.0
68865;0;1694;340;-99;114;1809.186279;n/a;n/a;n/a;0.0;1.1;0.0;0.0;0.0;0.0;0.0;0.0;0.0;0.0;0.0;0.0;0.0;0.0;0.0;0.0;12;837208;1664216;42;16;20;39;28;35;31;0.0;0.0
69863;0;1694;340;-99;114;1985.754150;n/a;n/a;n/a;0.0;1.2;0.0;0.0;0.0;0.0;0.0;0.0;0.0;0.0;0.0;0.0;0.0;0.0;0.0;0.0;12;837208;1664216;42;16;20;38;26;37;32;0.0;0.0
70861;0;1694;340;-99;114;2275.159668;n/a;n/a;n/a;0.0;1.2;0.0;0.0;0.0;0.0;0.0;0.0;0.0;0.0;0.0;0.0;0.0;0.0;0.0;0.0;12;837208;1664216;42;16;20;37;28;37;32;0.0;0.0
71859;0;1694;340;-99;114;1342.091675;n/a;n/a;n/a;0.0;1.8;0.0;0.0;0.0;0.0;0.0;0.0;0.0;0.0;0.0;0.0;1.0;0.0;0.0;0.0;12;837208;1664216;42;16;20;45;36;37;42;0.0;0.0
72857;0;1694;340;-96;111;-2485.665283;n/a;n/a;n/a;0.0;8.9;0.0;0.0;0.0;0.0;0.0;0.0;0.0;0.0;0.0;0.0;0.0;0.0;0.0;0.0;12;837208;1664216;42;13;20;45;28;35;24;0.0;0.0
73855;0;1694;340;-96;111;-2431.497070;n/a;n/a;n/a;0.0;9.4;0.0;0.0;0.0;0.0;0.0;0.0;0.0;0.0;0.0;0.0;0.0;0.0;0.0;0.0;12;837208;1664216;42;13;20;40;29;21;21;0.0;0.0
74853;0;1694;340;-96;111;-2431.409180;n/a;n/a;n/a;0.0;9.4;0.0;0.0;0.0;0.0;0.0;0.0;0.0;0.0;0.0;0.0;0.0;0.0;0.0;0.0;12;837208;1664216;42;13;20;41;29;21;21;0.0;0.0
75851;0;1694;340;-96;111;-2434.816650;n/a;n/a;n/a;6.0;9.4;1.0;408;0;0.0;0.0;0.0;0.0;0.0;0.0;0.0;0.0;0.0;0.0;0.0;12;837208;1664216;42;12;20;38;26;19;22;0.0;0.0
76759;0;1694;340;-96;111;-2433.869385;n/a;n/a;n/a;6.0;9.5;1.0;573;0;0.0;0.0;0.0;0.0;0.0;0.0;0.0;0.0;0.0;0.0;0.0;12;837208;1664216;42;12;20;36;35;33;31;0.0;0.0
77757;0;1694;340;-96;111;-2432.024170;n/a;n/a;n/a;0.0;9.3;0.0;0.0;0.0;0.0;0.0;0.0;0.0;0.0;0.0;0.0;0.0;0.0;0.0;0.0;12;837208;1664216;42;13;20;31;22;34;34;0.0;0.0
78756;0;1694;340;-96;111;-2432.710449;n/a;n/a;n/a;0.0;9.2;0.0;0.0;0.0;0.0;0.0;0.0;0.0;0.0;0.0;0.0;0.0;0.0;0.0;0.0;12;837208;1664216;42;14;20;29;21;33;33;0.0;0.0
79754;0;1694;340;-96;111;-2431.505615;n/a;n/a;n/a;0.0;9.3;0.0;0.0;0.0;0.0;0.0;0.0;0.0;0.0;0.0;0.0;0.0;0.0;0.0;0.0;12;837208;1664216;42;14;20;28;24;33;33;0.0;0.0
80752;0;1694;340;-96;111;-2432.260986;n/a;n/a;n/a;0.0;9.3;0.0;0.0;0.0;0.0;0.0;0.0;0.0;0.0;0.0;0.0;0.0;0.0;0.0;0.0;12;837208;1664216;42;13;20;27;24;31;34;0.0;0.0
81750;0;1694;340;-96;111;-2432.591553;n/a;n/a;n/a;0.0;9.4;0.0;0.0;0.0;0.0;0.0;0.0;0.0;0.0;0.0;0.0;0.0;0.0;0.0;0.0;12;837208;1664216;42;14;20;38;24;44;42;0.0;0.0
82748;0;1694;340;-96;111;-2431.980225;n/a;n/a;n/a;0.0;9.7;0.0;0.0;0.0;0.0;0.0;0.0;0.0;0.0;0.0;0.0;0.0;0.0;0.0;0.0;12;837208;1664216;42;13;20;44;23;33;33;0.0;0.0
83746;0;1694;340;-96;111;-2431.524658;n/a;n/a;n/a;0.0;9.6;0.0;0.0;0.0;0.0;0.0;0.0;0.0;0.0;0.0;0.0;0.0;0.0;0.0;0.0;12;837208;1664216;42;13;20;31;30;29;27;0.0;0.0
84744;0;1694;340;-96;111;-2431.119873;n/a;n/a;n/a;0.0;9.6;0.0;0.0;0.0;0.0;0.0;0.0;0.0;0.0;0.0;0.0;0.0;0.0;0.0;0.0;12;837208;1664216;42;13;20;31;20;34;35;0.0;0.0
85742;0;1694;340;-96;111;-2430.999756;n/a;n/a;n/a;0.0;9.7;0.0;0.0;0.0;0.0;0.0;0.0;0.0;0.0;0.0;0.0;0.0;0.0;0.0;0.0;12;837208;1664216;42;13;20;28;24;31;32;0.0;0.0
86740;0;1694;340;-96;111;-2431.091553;n/a;n/a;n/a;0.0;9.6;0.0;0.0;0.0;0.0;0.0;0.0;0.0;0.0;0.0;0.0;0.0;0.0;0.0;0.0;12;837208;1664216;42;13;20;39;41;33;24;0.0;0.0
87738;0;1694;340;-96;111;-2431.585449;n/a;n/a;n/a;0.0;9.7;0.0;0.0;0.0;0.0;0.0;0.0;0.0;0.0;0.0;0.0;0.0;0.0;0.0;0.0;12;837208;1664216;42;13;20;35;27;37;32;0.0;0.0
88736;0;1694;340;-96;111;-2432.280518;n/a;n/a;n/a;0.0;9.8;0.0;0.0;0.0;0.0;0.0;0.0;0.0;0.0;0.0;0.0;0.0;0.0;0.0;0.0;12;837208;1664216;42;13;20;30;29;27;28;0.0;0.0
89734;0;1694;340;-96;111;-2432.311523;n/a;n/a;n/a;0.0;9.7;0.0;0.0;0.0;0.0;0.0;0.0;0.0;0.0;0.0;0.0;0.0;0.0;0.0;0.0;12;837208;1664216;42;13;20;34;25;29;29;0.0;0.0
90732;0;1694;340;-96;111;-2431.964355;n/a;n/a;n/a;0.0;9.7;0.0;0.0;0.0;0.0;0.0;0.0;0.0;0.0;0.0;0.0;0.0;0.0;0.0;0.0;12;837208;1664216;42;13;20;32;28;27;30;0.0;0.0
91730;0;1694;340;-96;111;-2432.864258;n/a;n/a;n/a;0.0;9.6;0.0;0.0;0.0;0.0;0.0;0.0;0.0;0.0;0.0;0.0;0.0;0.0;0.0;0.0;12;837208;1664216;42;14;20;43;38;38;35;0.0;0.0
92728;0;1694;340;-96;111;-2432.643799;n/a;n/a;n/a;0.0;9.6;0.0;0.0;0.0;0.0;0.0;0.0;0.0;0.0;0.0;0.0;0.0;0.0;0.0;0.0;12;837208;1664216;42;13;20;28;21;34;36;0.0;0.0
93726;0;1694;340;-96;111;-2433.085938;n/a;n/a;n/a;0.0;9.8;0.0;0.0;0.0;0.0;0.0;0.0;0.0;0.0;0.0;0.0;0.0;0.0;0.0;0.0;12;837208;1664216;42;13;20;26;13;37;37;0.0;0.0
94724;0;1694;340;-96;111;-2432.385986;n/a;n/a;n/a;0.0;9.8;0.0;0.0;0.0;0.0;0.0;0.0;0.0;0.0;0.0;0.0;0.0;0.0;0.0;0.0;12;837208;1664216;42;13;20;27;19;35;34;0.0;0.0
95722;0;1694;340;-96;111;-2432.170898;n/a;n/a;n/a;0.0;9.9;0.0;0.0;0.0;0.0;0.0;0.0;0.0;0.0;0.0;0.0;0.0;0.0;0.0;0.0;12;837208;1664216;42;14;20;28;24;34;32;0.0;0.0
96720;0;1694;340;-96;111;-2432.875244;n/a;n/a;n/a;0.0;10;0.0;0.0;0.0;0.0;0.0;0.0;0.0;0.0;0.0;0.0;0.0;0.0;0.0;0.0;12;837208;1664216;42;13;20;38;29;37;35;0.0;0.0
97718;0;1694;340;-96;111;-2433.327393;n/a;n/a;n/a;0.0;10.0;0.0;0.0;0.0;0.0;0.0;0.0;0.0;0.0;0.0;0.0;0.0;0.0;0.0;0.0;12;837208;1664216;42;13;20;27;15;37;37;0.0;0.0
98716;0;1694;340;-96;111;-2432.907471;n/a;n/a;n/a;0.0;9.9;0.0;0.0;0.0;0.0;0.0;0.0;0.0;0.0;0.0;0.0;0.0;0.0;0.0;0.0;12;837208;1664216;42;14;20;29;16;36;36;0.0;0.0
99714;0;1694;340;-96;111;-2432.728027;n/a;n/a;n/a;0.0;9.7;0.0;0.0;0.0;0.0;0.0;0.0;0.0;0.0;0.0;0.0;0.0;0.0;0.0;0.0;12;837208;1664216;42;13;20;28;15;36;36;0.0;0.0
100712;0;1694;340;-96;111;-2428.305176;n/a;n/a;n/a;6.0;9.7;1.0;495;0;0.0;0.0;0.0;0.0;0.0;0.0;0.0;0.0;0.0;0.0;0.0;12;837208;1664216;42;11;20;25;15;31;31;0.0;0.0
101710;0;1694;340;-96;111;-2414.656250;n/a;n/a;n/a;6.0;9.6;1.0;520;0;0.0;0.0;0.0;0.0;0.0;0.0;0.0;0.0;0.0;0.0;0.0;12;837208;1664216;42;13;20;44;43;31;34;0.0;0.0
102708;0;1694;340;-96;111;-2432.899414;n/a;n/a;n/a;0.0;9.6;0.0;0.0;0.0;0.0;0.0;0.0;0.0;0.0;0.0;0.0;0.0;0.0;0.0;0.0;12;837208;1664216;42;13;20;43;34;28;29;0.0;0.0
103706;0;1694;340;-96;111;-2433.168457;n/a;n/a;n/a;0.0;9.7;0.0;0.0;0.0;0.0;0.0;0.0;0.0;0.0;0.0;0.0;0.0;0.0;0.0;0.0;12;837208;1664216;42;13;20;46;35;17;17;0.0;0.0
104704;0;1694;340;-96;111;-2432.608398;n/a;n/a;n/a;0.0;9.9;0.0;0.0;0.0;0.0;0.0;0.0;0.0;0.0;0.0;0.0;0.0;0.0;0.0;0.0;12;837208;1664216;42;13;20;48;36;14;14;0.0;0.0
105702;0;1694;340;-96;111;-2433.506348;n/a;n/a;n/a;0.0;9.9;0.0;0.0;0.0;0.0;0.0;0.0;0.0;0.0;0.0;0.0;0.0;0.0;0.0;0.0;12;837208;1664216;42;13;20;48;36;13;14;0.0;0.0
106701;0;1694;340;-96;111;-2432.497070;n/a;n/a;n/a;0.0;9.8;0.0;0.0;0.0;0.0;0.0;0.0;0.0;0.0;0.0;0.0;0.0;0.0;0.0;0.0;12;837208;1664216;42;14;20;43;31;29;27;0.0;0.0
107699;0;1694;340;-95;110;-2432.968750;n/a;n/a;n/a;0.0;10;0.0;0.0;0.0;0.0;0.0;0.0;0.0;0.0;0.0;0.0;0.0;0.0;0.0;0.0;12;837208;1664216;42;13;20;45;31;44;38;0.0;0.0
108697;0;1694;340;-96;111;-2432.273926;n/a;n/a;n/a;0.0;10;0.0;0.0;0.0;0.0;0.0;0.0;0.0;0.0;0.0;0.0;0.0;0.0;0.0;0.0;12;837208;1664216;42;13;20;53;36;15;16;0.0;0.0
109695;0;1694;340;-96;111;-2432.405762;n/a;n/a;n/a;0.0;9.5;0.0;0.0;0.0;0.0;0.0;0.0;0.0;0.0;0.0;0.0;0.0;0.0;0.0;0.0;12;837208;1664216;42;13;20;48;36;14;14;0.0;0.0
110693;0;1694;340;-96;111;-2432.880127;n/a;n/a;n/a;0.0;9.7;0.0;0.0;0.0;0.0;0.0;0.0;0.0;0.0;0.0;0.0;0.0;0.0;0.0;0.0;12;837208;1664216;42;13;20;45;33;16;17;0.0;0.0
111691;0;1694;340;-96;111;-2433.249268;n/a;n/a;n/a;0.0;9.8;0.0;0.0;0.0;0.0;0.0;0.0;0.0;0.0;0.0;0.0;0.0;0.0;0.0;0.0;12;837208;1664216;42;13;20;41;32;20;21;0.0;0.0
112689;0;1694;340;-96;111;-2432.620361;n/a;n/a;n/a;0.0;9.6;0.0;0.0;0.0;0.0;0.0;0.0;0.0;0.0;0.0;0.0;0.0;0.0;0.0;0.0;12;837208;1664216;42;13;20;32;35;40;34;0.0;0.0
113687;0;1694;340;-96;111;-2433.201660;n/a;n/a;n/a;0.0;9.8;0.0;0.0;0.0;0.0;0.0;0.0;0.0;0.0;0.0;0.0;0.0;0.0;0.0;0.0;12;837208;1664216;42;13;20;35;26;28;28;0.0;0.0
114685;0;1694;340;-97;112;-2433.027832;n/a;n/a;n/a;0.0;9.0;0.0;0.0;0.0;0.0;0.0;0.0;0.0;0.0;0.0;0.0;0.0;0.0;0.0;0.0;12;837208;1664216;42;13;20;34;26;30;27;0.0;0.0
115683;0;1694;340;-96;111;-2433.145020;n/a;n/a;n/a;0.0;9.3;0.0;0.0;0.0;0.0;0.0;0.0;0.0;0.0;0.0;0.0;0.0;0.0;0.0;0.0;12;837208;1664216;42;13;20;34;25;27;29;0.0;0.0
116681;0;1694;340;-96;111;-2432.828369;n/a;n/a;n/a;0.0;9.2;0.0;0.0;0.0;0.0;0.0;0.0;0.0;0.0;0.0;0.0;0.0;0.0;0.0;0.0;12;837208;1664216;42;13;20;37;28;33;33;0.0;0.0
117679;0;1694;340;-96;111;-2434.386963;n/a;n/a;n/a;0.0;8.9;0.0;0.0;0.0;0.0;0.0;0.0;0.0;0.0;0.0;0.0;0.0;0.0;0.0;0.0;12;837208;1664216;42;14;20;48;34;29;33;0.0;0.0
118677;0;1694;340;-96;111;-2434.442627;n/a;n/a;n/a;0.0;9.0;0.0;0.0;0.0;0.0;0.0;0.0;0.0;0.0;0.0;0.0;0.0;0.0;0.0;0.0;12;837208;1664216;42;13;20;45;33;18;16;0.0;0.0
119675;0;1694;340;-96;111;-2434.380615;n/a;n/a;n/a;0.0;9.3;0.0;0.0;0.0;0.0;0.0;0.0;0.0;0.0;0.0;0.0;0.0;0.0;0.0;0.0;12;837208;1664216;42;13;20;45;34;16;18;0.0;0.0
120673;0;1694;340;-96;111;-2434.134033;n/a;n/a;n/a;0.0;9.5;0.0;0.0;0.0;0.0;0.0;0.0;0.0;0.0;0.0;0.0;0.0;0.0;0.0;0.0;12;837208;1664216;42;13;20;45;33;17;17;0.0;0.0
121672;0;1694;340;-96;111;-2434.434570;n/a;n/a;n/a;0.0;9.6;0.0;0.0;0.0;0.0;0.0;0.0;0.0;0.0;0.0;0.0;0.0;0.0;0.0;0.0;12;837208;1664216;42;13;20;45;32;17;17;0.0;0.0
122670;0;1694;340;-96;111;-2434.908447;n/a;n/a;n/a;0.0;9.3;0.0;0.0;0.0;0.0;0.0;0.0;0.0;0.0;0.0;0.0;0.0;0.0;0.0;0.0;12;837208;1664216;42;13;20;43;31;22;31;0.0;0.0
123668;0;1694;340;-96;111;-2435.073486;n/a;n/a;n/a;0.0;8.8;0.0;0.0;0.0;0.0;0.0;0.0;0.0;0.0;0.0;0.0;0.0;0.0;0.0;0.0;12;837208;1664216;42;13;20;35;25;29;28;0.0;0.0
124666;0;1694;340;-96;111;-2435.270752;n/a;n/a;n/a;0.0;9.1;0.0;0.0;0.0;0.0;0.0;0.0;0.0;0.0;0.0;0.0;0.0;0.0;0.0;0.0;12;837208;1664216;42;13;20;35;27;25;29;0.0;0.0
125664;0;1694;340;-97;112;-2480.003174;n/a;n/a;n/a;6.8;8.6;1.0;951;0;0.0;0.0;0.0;0.0;0.0;0.0;0.0;0.0;0.0;0.0;0.0;12;837208;1664216;42;10;20;31;23;20;23;0.0;0.0
126662;0;1694;340;-96;111;-2435.643311;n/a;n/a;n/a;1.0;8.9;1.0;55;0;0.0;0.0;0.0;0.0;0.0;0.0;0.0;0.0;0.0;0.0;0.0;12;837208;1664216;42;14;20;27;25;38;40;0.0;0.0
127660;0;1694;340;-96;111;-2434.765381;n/a;n/a;n/a;0.0;8.4;0.0;0.0;0.0;0.0;0.0;0.0;0.0;0.0;0.0;0.0;0.0;0.0;0.0;0.0;12;837208;1664216;42;13;20;47;30;27;36;0.0;0.0
128658;0;1694;340;-97;112;-2435.621094;n/a;n/a;n/a;0.0;8.7;0.0;0.0;0.0;0.0;0.0;0.0;0.0;0.0;0.0;0.0;0.0;0.0;0.0;0.0;12;837208;1664216;42;13;20;40;26;31;25;0.0;0.0
129656;0;1694;340;-97;112;-2435.933594;n/a;n/a;n/a;0.0;8.7;0.0;0.0;0.0;0.0;0.0;0.0;0.0;0.0;0.0;0.0;0.0;0.0;0.0;0.0;12;837208;1664216;42;13;20;41;29;24;23;0.0;0.0
130654;0;1694;340;-97;112;-2435.442383;n/a;n/a;n/a;0.0;8.7;0.0;0.0;0.0;0.0;0.0;0.0;0.0;0.0;0.0;0.0;0.0;0.0;0.0;0.0;12;837208;1664216;42;13;20;35;27;29;26;0.0;0.0
131652;0;1694;340;-97;112;-2435.997314;n/a;n/a;n/a;0.0;8.7;0.0;0.0;0.0;0.0;0.0;0.0;0.0;0.0;0.0;0.0;0.0;0.0;0.0;0.0;12;837208;1664216;42;13;20;34;24;37;35;0.0;0.0
132650;0;1694;340;-98;113;-2543.461182;n/a;n/a;n/a;0.0;5.4;0.0;0.0;0.0;0.0;0.0;0.0;0.0;0.0;0.0;0.0;1.0;0.0;0.0;0.0;12;837208;1664216;42;14;20;48;33;32;31;0.0;0.0
133648;0;1694;340;-99;114;-2606.214600;n/a;n/a;n/a;0.0;3.2;0.0;0.0;0.0;0.0;0.0;0.0;0.0;0.0;0.0;0.0;0.0;0.0;0.0;0.0;12;837208;1664216;42;15;20;51;35;29;23;0.0;0.0
134646;0;1694;340;-97;112;-2435.531250;n/a;n/a;n/a;0.0;8.5;0.0;0.0;0.0;0.0;0.0;0.0;0.0;0.0;0.0;0.0;0.0;0.0;0.0;0.0;12;837208;1664216;42;12;20;36;25;29;26;0.0;0.0
135644;0;1694;340;-97;112;-2435.072266;n/a;n/a;n/a;0.0;8.0;0.0;0.0;0.0;0.0;0.0;0.0;0.0;0.0;0.0;0.0;0.0;0.0;0.0;0.0;12;837208;1664216;42;13;20;38;25;28;27;0.0;0.0
136642;0;1694;340;-96;111;-2434.999023;n/a;n/a;n/a;0.0;8.6;0.0;0.0;0.0;0.0;0.0;0.0;0.0;0.0;0.0;0.0;0.0;0.0;0.0;0.0;12;837208;1664216;42;14;20;28;19;41;41;0.0;0.0
137640;0;1694;340;-96;111;-2436.237061;n/a;n/a;n/a;0.0;9.1;0.0;0.0;0.0;0.0;0.0;0.0;0.0;0.0;0.0;0.0;0.0;0.0;0.0;0.0;12;837208;1664216;42;13;20;31;22;45;41;0.0;0.0
138638;0;1694;340;-97;112;-2436.055908;n/a;n/a;n/a;0.0;9.0;0.0;0.0;0.0;0.0;0.0;0.0;0.0;0.0;0.0;0.0;0.0;0.0;0.0;0.0;12;837208;1664216;42;13;20;35;26;26;26;0.0;0.0
139636;0;1694;340;-97;112;-2435.928711;n/a;n/a;n/a;0.0;8.5;0.0;0.0;0.0;0.0;0.0;0.0;0.0;0.0;0.0;0.0;0.0;0.0;0.0;0.0;12;837208;1664216;42;13;20;35;25;30;27;0.0;0.0
140634;0;1694;340;-97;112;-2436.322754;n/a;n/a;n/a;0.0;8.6;0.0;0.0;0.0;0.0;0.0;0.0;0.0;0.0;0.0;0.0;0.0;0.0;0.0;0.0;12;837208;1664216;42;13;20;36;26;27;28;0.0;0.0
141632;0;1694;340;-97;112;-2434.382568;n/a;n/a;n/a;0.0;8.8;0.0;0.0;0.0;0.0;0.0;0.0;0.0;0.0;0.0;0.0;0.0;0.0;0.0;0.0;12;837208;1664216;42;14;20;38;28;33;28;0.0;0.0
142630;0;1694;340;-97;112;-2434.816162;n/a;n/a;n/a;0.0;8.9;0.0;0.0;0.0;0.0;0.0;0.0;0.0;0.0;0.0;0.0;0.0;0.0;0.0;0.0;12;837208;1664216;42;14;20;47;33;31;32;0.0;0.0
143628;0;1694;340;-97;112;-2434.496582;n/a;n/a;n/a;0.0;8.9;0.0;0.0;0.0;0.0;0.0;0.0;0.0;0.0;0.0;0.0;0.0;0.0;0.0;0.0;12;837208;1664216;42;13;20;41;28;21;21;0.0;0.0
144626;0;1694;340;-97;112;-2433.422852;n/a;n/a;n/a;0.0;8.9;0.0;0.0;0.0;0.0;0.0;0.0;0.0;0.0;0.0;0.0;0.0;0.0;0.0;0.0;12;837208;1664216;42;13;20;41;28;20;20;0.0;0.0
145624;0;1694;340;-97;112;-2434.061035;n/a;n/a;n/a;0.0;8.8;0.0;0.0;0.0;0.0;0.0;0.0;0.0;0.0;0.0;0.0;0.0;0.0;0.0;0.0;12;837208;1664216;42;13;20;41;29;20;21;0.0;0.0
146622;0;1694;340;-97;112;-2434.148926;n/a;n/a;n/a;0.0;8.8;0.0;0.0;0.0;0.0;0.0;0.0;0.0;0.0;0.0;0.0;0.0;0.0;0.0;0.0;12;837208;1664216;42;13;20;41;28;21;20;0.0;0.0
147620;0;1694;340;-97;112;-2434.161865;n/a;n/a;n/a;0.0;8.7;0.0;0.0;0.0;0.0;0.0;0.0;0.0;0.0;0.0;0.0;0.0;0.0;0.0;0.0;12;837208;1664216;42;13;20;47;29;33;22;0.0;0.0
148618;0;1694;340;-97;112;-2433.310547;n/a;n/a;n/a;0.0;8.9;0.0;0.0;0.0;0.0;0.0;0.0;0.0;0.0;0.0;0.0;0.0;0.0;0.0;0.0;12;837208;1664216;42;14;20;27;23;32;34;0.0;0.0
149616;0;1694;340;-97;112;-2433.969971;n/a;n/a;n/a;0.0;8.9;0.0;0.0;0.0;0.0;0.0;0.0;0.0;0.0;0.0;0.0;0.0;0.0;0.0;0.0;12;837208;1664216;42;13;20;27;24;30;34;0.0;0.0
150614;0;1694;340;-97;112;-2403.871338;n/a;n/a;n/a;6.8;8.7;1.0;957;0;0.0;0.0;0.0;0.0;0.0;0.0;0.0;0.0;0.0;0.0;0.0;12;837208;1664216;42;11;20;33;25;22;25;0.0;0.0
151612;0;1694;340;-97;112;-2434.245850;n/a;n/a;n/a;1.0;8.5;1.0;55;0;0.0;0.0;0.0;0.0;0.0;0.0;0.0;0.0;0.0;0.0;0.0;12;837208;1664216;42;14;20;40;28;33;37;0.0;0.0
152610;0;1694;340;-97;112;-2434.857910;n/a;n/a;n/a;0.0;8.7;0.0;0.0;0.0;0.0;0.0;0.0;0.0;0.0;0.0;0.0;0.0;0.0;0.0;0.0;12;837208;1664216;42;14;20;49;33;34;39;0.0;0.0
153608;0;1694;340;-97;112;-2434.120605;n/a;n/a;n/a;0.0;8.7;0.0;0.0;0.0;0.0;0.0;0.0;0.0;0.0;0.0;0.0;0.0;0.0;0.0;0.0;12;837208;1664216;42;13;20;50;37;15;14;0.0;0.0
154606;0;1694;340;-97;112;-2434.087646;n/a;n/a;n/a;0.0;8.9;0.0;0.0;0.0;0.0;0.0;0.0;0.0;0.0;0.0;0.0;0.0;0.0;0.0;0.0;12;837208;1664216;42;13;20;49;36;13;13;0.0;0.0
155604;0;1694;340;-96;111;-2433.873779;n/a;n/a;n/a;0.0;9.1;0.0;0.0;0.0;0.0;0.0;0.0;0.0;0.0;0.0;0.0;0.0;0.0;0.0;0.0;12;837208;1664216;42;13;20;44;33;16;17;0.0;0.0
156602;0;1694;340;-96;111;-2434.126953;n/a;n/a;n/a;0.0;9.1;0.0;0.0;0.0;0.0;0.0;0.0;0.0;0.0;0.0;0.0;0.0;0.0;0.0;0.0;12;837208;1664216;42;14;20;50;37;18;24;0.0;0.0
157600;0;1694;340;-97;112;-2433.506104;n/a;n/a;n/a;0.0;8.8;0.0;0.0;0.0;0.0;0.0;0.0;0.0;0.0;0.0;0.0;0.0;0.0;0.0;0.0;12;837208;1664216;42;14;20;46;35;34;41;0.0;0.0
158598;0;1694;340;-97;112;-2434.112793;n/a;n/a;n/a;0.0;8.8;0.0;0.0;0.0;0.0;0.0;0.0;0.0;0.0;0.0;0.0;0.0;0.0;0.0;0.0;12;837208;1664216;42;13;20;31;20;32;36;0.0;0.0
159596;0;1694;340;-97;112;-2434.041992;n/a;n/a;n/a;0.0;8.5;0.0;0.0;0.0;0.0;0.0;0.0;0.0;0.0;0.0;0.0;0.0;0.0;0.0;0.0;12;837208;1664216;42;14;20;35;20;30;30;0.0;0.0
160594;0;1694;340;-97;112;-2435.069580;n/a;n/a;n/a;0.0;8.6;0.0;0.0;0.0;0.0;0.0;0.0;0.0;0.0;0.0;0.0;0.0;0.0;0.0;0.0;12;837208;1664216;42;13;20;35;28;26;26;0.0;0.0
161592;0;1694;340;-97;112;-2434.514648;n/a;n/a;n/a;0.0;8.6;0.0;0.0;0.0;0.0;0.0;0.0;0.0;0.0;0.0;0.0;0.0;0.0;0.0;0.0;12;837208;1664216;42;13;20;32;21;32;31;0.0;0.0
162590;0;1694;340;-97;112;-2434.674316;n/a;n/a;n/a;0.0;8.7;0.0;0.0;0.0;0.0;0.0;0.0;0.0;0.0;0.0;0.0;0.0;0.0;0.0;0.0;12;837208;1664216;42;14;20;34;12;41;42;0.0;0.0
163588;0;1694;340;-97;112;-2434.898682;n/a;n/a;n/a;0.0;8.8;0.0;0.0;0.0;0.0;0.0;0.0;0.0;0.0;0.0;0.0;0.0;0.0;0.0;0.0;12;837208;1664216;42;13;20;32;21;31;31;0.0;0.0
164586;0;1694;340;-97;112;-2433.946777;n/a;n/a;n/a;0.0;8.9;0.0;0.0;0.0;0.0;0.0;0.0;0.0;0.0;0.0;0.0;0.0;0.0;0.0;0.0;12;837208;1664216;42;13;20;40;37;27;24;0.0;0.0
165584;0;1694;340;-97;112;-2434.717041;n/a;n/a;n/a;0.0;8.9;0.0;0.0;0.0;0.0;0.0;0.0;0.0;0.0;0.0;0.0;0.0;0.0;0.0;0.0;12;837208;1664216;42;13;20;30;20;34;36;0.0;0.0
166582;0;1694;340;-97;112;-2433.528564;n/a;n/a;n/a;0.0;8.8;0.0;0.0;0.0;0.0;0.0;0.0;0.0;0.0;0.0;0.0;0.0;0.0;0.0;0.0;12;837208;1664216;42;13;20;29;17;40;38;0.0;0.0
167580;0;1694;340;-97;112;-2435.004150;n/a;n/a;n/a;0.0;8.8;0.0;0.0;0.0;0.0;0.0;0.0;0.0;0.0;0.0;0.0;0.0;0.0;0.0;0.0;12;837208;1664216;42;14;20;29;27;47;39;0.0;0.0
168579;0;1694;340;-97;112;-2435.560059;n/a;n/a;n/a;0.0;8.9;0.0;0.0;0.0;0.0;0.0;0.0;0.0;0.0;0.0;0.0;0.0;0.0;0.0;0.0;12;837208;1664216;42;13;20;26;16;36;36;0.0;0.0
169577;0;1694;340;-97;112;-2435.878174;n/a;n/a;n/a;0.0;8.7;0.0;0.0;0.0;0.0;0.0;0.0;0.0;0.0;0.0;0.0;0.0;0.0;0.0;0.0;12;837208;1664216;42;13;20;37;24;38;29;0.0;0.0
170575;0;1694;340;-97;112;-2435.001465;n/a;n/a;n/a;0.0;8.8;0.0;0.0;0.0;0.0;0.0;0.0;0.0;0.0;0.0;0.0;0.0;0.0;0.0;0.0;12;837208;1664216;42;13;20;39;29;20;21;0.0;0.0
171573;0;1694;340;-97;112;-2435.408203;n/a;n/a;n/a;0.0;8.7;0.0;0.0;0.0;0.0;0.0;0.0;0.0;0.0;0.0;0.0;0.0;0.0;0.0;0.0;12;837208;1664216;42;13;20;40;27;23;22;0.0;0.0
172571;0;1694;340;-97;112;-2435.217773;n/a;n/a;n/a;0.0;8.6;0.0;0.0;0.0;0.0;0.0;0.0;0.0;0.0;0.0;0.0;0.0;0.0;0.0;0.0;12;837208;1664216;42;13;20;45;38;28;25;0.0;0.0
173569;0;1694;340;-96;111;-2435.258057;n/a;n/a;n/a;0.0;9.1;0.0;0.0;0.0;0.0;0.0;0.0;0.0;0.0;0.0;0.0;0.0;0.0;0.0;0.0;12;837208;1664216;42;13;20;36;29;21;28;0.0;0.0
174567;0;1694;340;-96;111;-2435.768799;n/a;n/a;n/a;0.0;9.3;0.0;0.0;0.0;0.0;0.0;0.0;0.0;0.0;0.0;0.0;0.0;0.0;0.0;0.0;12;837208;1664216;42;11;20;31;19;24;25;0.0;0.0
175484;0;1694;340;-96;111;-2454.987305;n/a;n/a;n/a;6.8;9.3;1.0;1068.376099;0;0.0;0.0;0.0;0.0;0.0;0.0;0.0;0.0;0.0;0.0;0.0;12;837208;1664216;42;8.9;20;34;24;15;22;0.0;0.0
176482;0;1694;340;-96;111;-2435.087158;n/a;n/a;n/a;1.0;9.6;1.0;55;0;0.0;0.0;0.0;0.0;0.0;0.0;0.0;0.0;0.0;0.0;0.0;12;837208;1664216;42;13;20;41;31;21;25;0.0;0.0
177480;0;1694;340;-96;111;-2436.081787;n/a;n/a;n/a;0.0;9.5;0.0;0.0;0.0;0.0;0.0;0.0;0.0;0.0;0.0;0.0;0.0;0.0;0.0;0.0;12;837208;1664216;42;13;20;37;27;37;29;0.0;0.0
178478;0;1694;340;-96;111;-2435.464355;n/a;n/a;n/a;0.0;9.4;0.0;0.0;0.0;0.0;0.0;0.0;0.0;0.0;0.0;0.0;0.0;0.0;0.0;0.0;12;837208;1664216;42;13;20;47;35;14;15;0.0;0.0
179476;0;1694;340;-96;111;-2434.961670;n/a;n/a;n/a;0.0;9.5;0.0;0.0;0.0;0.0;0.0;0.0;0.0;0.0;0.0;0.0;0.0;0.0;0.0;0.0;12;837208;1664216;42;13;20;40;33;23;24;0.0;0.0
180474;0;1694;340;-96;111;-2436.089111;n/a;n/a;n/a;0.0;9.7;0.0;0.0;0.0;0.0;0.0;0.0;0.0;0.0;0.0;0.0;0.0;0.0;0.0;0.0;12;837208;1664216;42;13;20;45;28;29;29;0.0;0.0
181472;0;1694;340;-96;111;-2435.074463;n/a;n/a;n/a;0.0;9.5;0.0;0.0;0.0;0.0;0.0;0.0;0.0;0.0;0.0;0.0;0.0;0.0;0.0;0.0;12;837208;1664216;42;13;20;35;28;26;30;0.0;0.0
182470;0;1694;340;-96;111;-2433.782959;n/a;n/a;n/a;0.0;9.9;0.0;0.0;0.0;0.0;0.0;0.0;0.0;0.0;0.0;0.0;0.0;0.0;0.0;0.0;12;837208;1664216;42;13;20;45;29;23;38;0.0;0.0
183468;0;1694;340;-96;111;-2435.225342;n/a;n/a;n/a;0.0;10;0.0;0.0;0.0;0.0;0.0;0.0;0.0;0.0;0.0;0.0;0.0;0.0;0.0;0.0;12;837208;1664216;42;13;20;33;25;29;27;0.0;0.0
184466;0;1694;340;-96;111;-2435.996094;n/a;n/a;n/a;0.0;9.9;0.0;0.0;0.0;0.0;0.0;0.0;0.0;0.0;0.0;0.0;0.0;0.0;0.0;0.0;12;837208;1664216;42;13;20;34;36;30;28;0.0;0.0
185464;0;1694;340;-96;111;-2435.761230;n/a;n/a;n/a;0.0;9.7;0.0;0.0;0.0;0.0;0.0;0.0;0.0;0.0;0.0;0.0;0.0;0.0;0.0;0.0;12;837208;1664216;42;13;20;41;31;23;22;0.0;0.0
186463;0;1694;340;-96;111;-2436.385498;n/a;n/a;n/a;0.0;9.6;0.0;0.0;0.0;0.0;0.0;0.0;0.0;0.0;0.0;0.0;0.0;0.0;0.0;0.0;12;837208;1664216;42;13;20;38;32;25;23;0.0;0.0
187461;0;1694;340;-99;114;-2484.518799;n/a;n/a;n/a;0.0;6.3;0.0;0.0;0.0;0.0;0.0;0.0;0.0;0.0;0.0;0.0;1.0;0.0;0.0;0.0;12;837208;1664216;42;14;20;46;38;28;38;0.0;0.0
188459;0;1694;340;-101;116;-2900.411865;n/a;n/a;n/a;0.0;4.2;0.0;0.0;0.0;0.0;0.0;0.0;0.0;0.0;0.0;0.0;0.0;0.0;0.0;0.0;12;837208;1664216;42;14;20;36;27;33;30;0.0;0.0
189457;0;1694;340;-96;111;-2437.189209;n/a;n/a;n/a;0.0;9.7;0.0;0.0;0.0;0.0;0.0;0.0;0.0;0.0;0.0;0.0;0.0;0.0;0.0;0.0;12;837208;1664216;42;13;20;42;36;22;28;0.0;0.0
190455;0;1694;340;-96;111;-2436.512207;n/a;n/a;n/a;0.0;9.7;0.0;0.0;0.0;0.0;0.0;0.0;0.0;0.0;0.0;0.0;0.0;0.0;0.0;0.0;12;837208;1664216;42;13;20;39;30;25;24;0.0;0.0
191453;0;1694;340;-96;111;-2436.497559;n/a;n/a;n/a;0.0;9.7;0.0;0.0;0.0;0.0;0.0;0.0;0.0;0.0;0.0;0.0;0.0;0.0;0.0;0.0;12;837208;1664216;42;13;20;39;29;25;21;0.0;0.0
192451;0;1694;340;-96;111;-2435.532959;n/a;n/a;n/a;0.0;9.6;0.0;0.0;0.0;0.0;0.0;0.0;0.0;0.0;0.0;0.0;0.0;0.0;0.0;0.0;12;837208;1664216;42;13;20;42;40;22;23;0.0;0.0
193449;0;1694;340;-96;111;-2436.890869;n/a;n/a;n/a;0.0;9.5;0.0;0.0;0.0;0.0;0.0;0.0;0.0;0.0;0.0;0.0;0.0;0.0;0.0;0.0;12;837208;1664216;42;13;20;40;28;26;19;0.0;0.0
194447;0;1694;340;-96;111;-2437.170654;n/a;n/a;n/a;0.0;9.7;0.0;0.0;0.0;0.0;0.0;0.0;0.0;0.0;0.0;0.0;0.0;0.0;0.0;0.0;12;837208;1664216;42;14;20;44;30;27;28;0.0;0.0
195445;0;1694;340;-96;111;-2437.760254;n/a;n/a;n/a;0.0;9.9;0.0;0.0;0.0;0.0;0.0;0.0;0.0;0.0;0.0;0.0;0.0;0.0;0.0;0.0;12;837208;1664216;42;14;20;48;36;17;16;0.0;0.0
196444;0;1694;340;-96;111;-2437.327148;n/a;n/a;n/a;0.0;9.7;0.0;0.0;0.0;0.0;0.0;0.0;0.0;0.0;0.0;0.0;0.0;0.0;0.0;0.0;12;837208;1664216;42;13;20;45;33;17;16;0.0;0.0
197442;0;1694;340;-96;111;-2436.735840;n/a;n/a;n/a;0.0;9.8;0.0;0.0;0.0;0.0;0.0;0.0;0.0;0.0;0.0;0.0;0.0;0.0;0.0;0.0;12;837208;1664216;42;13;20;45;42;19;21;0.0;0.0
198440;0;1694;340;-96;111;-2436.662598;n/a;n/a;n/a;0.0;9.9;0.0;0.0;0.0;0.0;0.0;0.0;0.0;0.0;0.0;0.0;0.0;0.0;0.0;0.0;12;837208;1664216;42;13;20;35;26;27;26;0.0;0.0
199438;0;1694;340;-96;111;-2436.352051;n/a;n/a;n/a;0.0;10;0.0;0.0;0.0;0.0;0.0;0.0;0.0;0.0;0.0;0.0;0.0;0.0;0.0;0.0;12;837208;1664216;42;10;20;28;21;23;21;0.0;0.0
200265;0;1694;340;-95;110;-2436.377197;n/a;n/a;n/a;6.0;10;1.0;1060.240967;0;0.0;0.0;0.0;0.0;0.0;0.0;0.0;0.0;0.0;0.0;0.0;12;837208;1664216;42;12;20;38;30;31;26;0.0;0.0
201263;0;1694;340;-95;110;-2436.298096;n/a;n/a;n/a;0.0;10;0.0;0.0;0.0;0.0;0.0;0.0;0.0;0.0;0.0;0.0;0.0;0.0;0.0;0.0;12;837208;1664216;42;13;20;37;29;25;27;0.0;0.0
202261;0;1694;340;-95;110;-2435.432373;n/a;n/a;n/a;0.0;10;0.0;0.0;0.0;0.0;0.0;0.0;0.0;0.0;0.0;0.0;0.0;0.0;0.0;0.0;12;837208;1664216;42;13;20;37;23;32;32;0.0;0.0
203259;0;1694;340;-95;110;-2436.414551;n/a;n/a;n/a;0.0;10;0.0;0.0;0.0;0.0;0.0;0.0;0.0;0.0;0.0;0.0;0.0;0.0;0.0;0.0;12;837208;1664216;42;13;20;39;33;40;37;0.0;0.0
204257;0;1694;340;-96;111;-2435.802979;n/a;n/a;n/a;0.0;9.9;0.0;0.0;0.0;0.0;0.0;0.0;0.0;0.0;0.0;0.0;0.0;0.0;0.0;0.0;12;837208;1664216;42;13;20;21;17;39;40;0.0;0.0
205255;0;1694;340;-96;111;-2436.847168;n/a;n/a;n/a;0.0;10.0;0.0;0.0;0.0;0.0;0.0;0.0;0.0;0.0;0.0;0.0;0.0;0.0;0.0;0.0;12;837208;1664216;42;13;20;32;27;36;33;0.0;0.0
206253;0;1694;340;-96;111;-2436.181641;n/a;n/a;n/a;0.0;9.7;0.0;0.0;0.0;0.0;0.0;0.0;0.0;0.0;0.0;0.0;0.0;0.0;0.0;0.0;12;837208;1664216;42;13;20;29;19;36;34;0.0;0.0
207251;0;1694;340;-95;110;-2435.353271;n/a;n/a;n/a;0.0;10;0.0;0.0;0.0;0.0;0.0;0.0;0.0;0.0;0.0;0.0;0.0;0.0;0.0;0.0;12;837208;1664216;42;14;20;26;7.0;41;41;0.0;0.0
208249;0;1694;340;-96;111;-2435.434570;n/a;n/a;n/a;0.0;9.3;0.0;0.0;0.0;0.0;0.0;0.0;0.0;0.0;0.0;0.0;0.0;0.0;0.0;0.0;12;837208;1664216;42;13;20;38;32;40;40;0.0;0.0
209247;0;1694;340;-96;111;-2435.008545;n/a;n/a;n/a;0.0;9.9;0.0;0.0;0.0;0.0;0.0;0.0;0.0;0.0;0.0;0.0;0.0;0.0;0.0;0.0;12;837208;1664216;42;13;20;30;23;32;32;0.0;0.0
210245;0;1694;340;-96;111;-2435.762451;n/a;n/a;n/a;0.0;10;0.0;0.0;0.0;0.0;0.0;0.0;0.0;0.0;0.0;0.0;0.0;0.0;0.0;0.0;12;837208;1664216;42;13;20;29;21;32;32;0.0;0.0
211243;0;1694;340;-96;111;-2435.393311;n/a;n/a;n/a;0.0;9.4;0.0;0.0;0.0;0.0;0.0;0.0;0.0;0.0;0.0;0.0;0.0;0.0;0.0;0.0;12;837208;1664216;42;13;20;29;23;32;31;0.0;0.0
212241;0;1694;340;-96;111;-2435.701172;n/a;n/a;n/a;0.0;9.9;0.0;0.0;0.0;0.0;0.0;0.0;0.0;0.0;0.0;0.0;0.0;0.0;0.0;0.0;12;837208;1664216;42;13;20;30;22;32;31;0.0;0.0
213239;0;1694;340;-95;110;-2435.385498;n/a;n/a;n/a;0.0;10;0.0;0.0;0.0;0.0;0.0;0.0;0.0;0.0;0.0;0.0;0.0;0.0;0.0;0.0;12;837208;1664216;42;13;20;39;29;31;35;0.0;0.0
214237;0;1694;340;-96;111;-2435.656250;n/a;n/a;n/a;0.0;10.0;0.0;0.0;0.0;0.0;0.0;0.0;0.0;0.0;0.0;0.0;0.0;0.0;0.0;0.0;12;837208;1664216;42;13;20;36;11;35;35;0.0;0.0
215235;0;1694;340;-96;111;-2436.415283;n/a;n/a;n/a;0.0;9.9;0.0;0.0;0.0;0.0;0.0;0.0;0.0;0.0;0.0;0.0;0.0;0.0;0.0;0.0;12;837208;1664216;42;13;20;36;19;38;35;0.0;0.0
216233;0;1694;340;-96;111;-2435.391357;n/a;n/a;n/a;0.0;10;0.0;0.0;0.0;0.0;0.0;0.0;0.0;0.0;0.0;0.0;0.0;0.0;0.0;0.0;12;837208;1664216;42;13;20;36;26;29;28;0.0;0.0
217231;0;1694;340;-96;111;-2435.594727;n/a;n/a;n/a;0.0;9.4;0.0;0.0;0.0;0.0;0.0;0.0;0.0;0.0;0.0;0.0;0.0;0.0;0.0;0.0;12;837208;1664216;42;13;20;35;24;27;28;0.0;0.0
218229;0;1694;340;-96;111;-2435.670654;n/a;n/a;n/a;0.0;9.7;0.0;0.0;0.0;0.0;0.0;0.0;0.0;0.0;0.0;0.0;0.0;0.0;0.0;0.0;12;837208;1664216;42;13;20;42;33;31;30;0.0;0.0
219227;0;1694;340;-97;112;-2435.478027;n/a;n/a;n/a;0.0;8.9;0.0;0.0;0.0;0.0;0.0;0.0;0.0;0.0;0.0;0.0;0.0;0.0;0.0;0.0;12;837208;1664216;42;13;20;28;23;33;32;0.0;0.0
220225;0;1694;340;-96;111;-2435.992920;n/a;n/a;n/a;0.0;9.2;0.0;0.0;0.0;0.0;0.0;0.0;0.0;0.0;0.0;0.0;0.0;0.0;0.0;0.0;12;837208;1664216;42;13;20;42;25;30;28;0.0;0.0
221223;0;1694;340;-96;111;-2435.541260;n/a;n/a;n/a;0.0;9.8;0.0;0.0;0.0;0.0;0.0;0.0;0.0;0.0;0.0;0.0;0.0;0.0;0.0;0.0;12;837208;1664216;42;13;20;41;29;21;22;0.0;0.0
222221;0;1694;340;-96;111;-2436.839111;n/a;n/a;n/a;0.0;10.0;0.0;0.0;0.0;0.0;0.0;0.0;0.0;0.0;0.0;0.0;0.0;0.0;0.0;0.0;12;837208;1664216;42;13;20;48;37;13;13;0.0;0.0
223220;0;1694;340;-95;110;-2436.433838;n/a;n/a;n/a;0.0;10;0.0;0.0;0.0;0.0;0.0;0.0;0.0;0.0;0.0;0.0;0.0;0.0;0.0;0.0;12;837208;1664216;42;13;20;50;32;32;21;0.0;0.0
224218;0;1694;340;-96;111;-2439.849121;n/a;n/a;n/a;6.0;9.9;1.0;174;0;0.0;0.0;0.0;0.0;0.0;0.0;0.0;0.0;0.0;0.0;0.0;12;837208;1664216;42;12;20;29;21;29;31;0.0;0.0
225216;0;1694;340;-96;111;-2428.990479;n/a;n/a;n/a;6.8;9.6;1.0;858;0;0.0;0.0;0.0;0.0;0.0;0.0;0.0;0.0;0.0;0.0;0.0;12;837208;1664216;42;12;20;32;25;32;33;0.0;0.0
226214;0;1694;340;-96;111;-2436.487793;n/a;n/a;n/a;0.0;9.6;0.0;0.0;0.0;0.0;0.0;0.0;0.0;0.0;0.0;0.0;0.0;0.0;0.0;0.0;12;837208;1664216;42;13;20;32;19;36;37;0.0;0.0
227212;0;1694;340;-95;110;-2435.408447;n/a;n/a;n/a;0.0;10;0.0;0.0;0.0;0.0;0.0;0.0;0.0;0.0;0.0;0.0;0.0;0.0;0.0;0.0;12;837208;1664216;42;13;20;41;29;23;21;0.0;0.0
228210;0;1694;340;-96;111;-2435.583740;n/a;n/a;n/a;0.0;9.9;0.0;0.0;0.0;0.0;0.0;0.0;0.0;0.0;0.0;0.0;0.0;0.0;0.0;0.0;12;837208;1664216;42;13;20;43;35;25;32;0.0;0.0
229208;0;1694;340;-96;111;-2436.450684;n/a;n/a;n/a;0.0;9.8;0.0;0.0;0.0;0.0;0.0;0.0;0.0;0.0;0.0;0.0;0.0;0.0;0.0;0.0;12;837208;1664216;42;13;20;27;14;37;37;0.0;0.0
230206;0;1694;340;-96;111;-2435.413086;n/a;n/a;n/a;0.0;9.9;0.0;0.0;0.0;0.0;0.0;0.0;0.0;0.0;0.0;0.0;0.0;0.0;0.0;0.0;12;837208;1664216;42;13;20;30;22;37;36;0.0;0.0
231204;0;1694;340;-96;111;-2436.539062;n/a;n/a;n/a;0.0;9.8;0.0;0.0;0.0;0.0;0.0;0.0;0.0;0.0;0.0;0.0;0.0;0.0;0.0;0.0;12;837208;1664216;42;13;20;30;20;34;34;0.0;0.0
232202;0;1694;340;-96;111;-2436.248291;n/a;n/a;n/a;0.0;9.7;0.0;0.0;0.0;0.0;0.0;0.0;0.0;0.0;0.0;0.0;0.0;0.0;0.0;0.0;12;837208;1664216;42;13;20;31;22;30;29;0.0;0.0
233200;0;1694;340;-96;111;-2437.249268;n/a;n/a;n/a;0.0;9.7;0.0;0.0;0.0;0.0;0.0;0.0;0.0;0.0;0.0;0.0;0.0;0.0;0.0;0.0;12;837208;1664216;42;13;20;45;36;26;26;0.0;0.0
234198;0;1694;340;-96;111;-2435.194580;n/a;n/a;n/a;0.0;9.7;0.0;0.0;0.0;0.0;0.0;0.0;0.0;0.0;0.0;0.0;0.0;0.0;0.0;0.0;12;837208;1664216;42;13;20;27;24;33;31;0.0;0.0
235196;0;1694;340;-96;111;-2436.452393;n/a;n/a;n/a;0.0;9.4;0.0;0.0;0.0;0.0;0.0;0.0;0.0;0.0;0.0;0.0;0.0;0.0;0.0;0.0;12;837208;1664216;42;13;20;28;23;36;32;0.0;0.0
236194;0;1694;340;-95;110;-2435.810791;n/a;n/a;n/a;0.0;10;0.0;0.0;0.0;0.0;0.0;0.0;0.0;0.0;0.0;0.0;0.0;0.0;0.0;0.0;12;837208;1664216;42;13;20;31;27;30;33;0.0;0.0
237192;0;1694;340;-96;111;-2436.888428;n/a;n/a;n/a;0.0;9.6;0.0;0.0;0.0;0.0;0.0;0.0;0.0;0.0;0.0;0.0;0.0;0.0;0.0;0.0;12;837208;1664216;42;13;20;27;19;34;33;0.0;0.0
238190;0;1694;340;-97;112;-2435.220703;n/a;n/a;n/a;0.0;9.0;0.0;0.0;0.0;0.0;0.0;0.0;0.0;0.0;0.0;0.0;0.0;0.0;0.0;0.0;12;837208;1664216;42;13;20;32;31;32;33;0.0;0.0
239188;0;1694;340;-97;112;-2436.916992;n/a;n/a;n/a;0.0;8.8;0.0;0.0;0.0;0.0;0.0;0.0;0.0;0.0;0.0;0.0;0.0;0.0;0.0;0.0;12;837208;1664216;42;13;20;28;22;32;32;0.0;0.0
240186;0;1694;340;-96;111;-2437.363037;n/a;n/a;n/a;0.0;9.4;0.0;0.0;0.0;0.0;0.0;0.0;0.0;0.0;0.0;0.0;0.0;0.0;0.0;0.0;12;837208;1664216;42;14;20;30;16;45;41;0.0;0.0
241184;0;1694;340;-96;111;-2438.146729;n/a;n/a;n/a;0.0;9.3;0.0;0.0;0.0;0.0;0.0;0.0;0.0;0.0;0.0;0.0;0.0;0.0;0.0;0.0;12;837208;1664216;42;13;20;38;30;25;26;0.0;0.0
242182;0;1694;340;-97;112;-2437.177002;n/a;n/a;n/a;0.0;8.8;0.0;0.0;0.0;0.0;0.0;0.0;0.0;0.0;0.0;0.0;0.0;0.0;0.0;0.0;12;837208;1664216;42;13;20;44;33;17;16;0.0;0.0
243180;0;1694;340;-97;112;-2437.888672;n/a;n/a;n/a;0.0;8.8;0.0;0.0;0.0;0.0;0.0;0.0;0.0;0.0;0.0;0.0;0.0;0.0;0.0;0.0;12;837208;1664216;42;13;20;46;40;30;19;0.0;0.0
244178;0;1694;340;-97;112;-2435.797852;n/a;n/a;n/a;0.0;8.7;0.0;0.0;0.0;0.0;0.0;0.0;0.0;0.0;0.0;0.0;0.0;0.0;0.0;0.0;12;837208;1664216;42;13;20;36;24;28;27;0.0;0.0
245176;0;1694;340;-97;112;-2436.298096;n/a;n/a;n/a;0.0;9.0;0.0;0.0;0.0;0.0;0.0;0.0;0.0;0.0;0.0;0.0;0.0;0.0;0.0;0.0;12;837208;1664216;42;13;20;39;28;25;22;0.0;0.0
246174;0;1694;340;-97;112;-2437.350586;n/a;n/a;n/a;0.0;8.6;0.0;0.0;0.0;0.0;0.0;0.0;0.0;0.0;0.0;0.0;0.0;0.0;0.0;0.0;12;837208;1664216;42;13;20;41;29;20;20;0.0;0.0
247172;0;1694;340;-97;112;-2436.162109;n/a;n/a;n/a;0.0;8.8;0.0;0.0;0.0;0.0;0.0;0.0;0.0;0.0;0.0;0.0;0.0;0.0;0.0;0.0;12;837208;1664216;42;13;20;42;25;21;21;0.0;0.0
248170;0;1694;340;-97;112;-2436.384277;n/a;n/a;n/a;0.0;8.9;0.0;0.0;0.0;0.0;0.0;0.0;0.0;0.0;0.0;0.0;0.0;0.0;0.0;0.0;12;837208;1664216;42;13;20;49;26;32;23;0.0;0.0
249168;0;1694;340;-97;112;-2435.478027;n/a;n/a;n/a;7.7;8.9;1.0;466;0;0.0;0.0;0.0;0.0;0.0;0.0;0.0;0.0;0.0;0.0;0.0;12;837208;1664216;42;12;20;37;25;21;20;0.0;0.0
250166;0;1694;340;-96;111;-2434.325684;n/a;n/a;n/a;4.0;9.1;1.0;421;0;0.0;0.0;0.0;0.0;0.0;0.0;0.0;0.0;0.0;0.0;0.0;12;837208;1664216;42;13;20;29;21;35;39;0.0;0.0
251164;0;1694;340;-96;111;-2436.811035;n/a;n/a;n/a;0.0;9.5;0.0;0.0;0.0;0.0;0.0;0.0;0.0;0.0;0.0;0.0;0.0;0.0;0.0;0.0;12;837208;1664216;42;13;20;28;19;36;35;0.0;0.0
252162;0;1694;340;-96;111;-2437.056152;n/a;n/a;n/a;0.0;9.9;0.0;0.0;0.0;0.0;0.0;0.0;0.0;0.0;0.0;0.0;0.0;0.0;0.0;0.0;12;837208;1664216;42;13;20;26;14;37;36;0.0;0.0
253160;0;1694;340;-96;111;-2436.322998;n/a;n/a;n/a;0.0;9.8;0.0;0.0;0.0;0.0;0.0;0.0;0.0;0.0;0.0;0.0;0.0;0.0;0.0;0.0;12;837208;1664216;42;14;20;42;16;41;49;0.0;0.0
254158;0;1694;340;-96;111;-2435.698975;n/a;n/a;n/a;0.0;10;0.0;0.0;0.0;0.0;0.0;0.0;0.0;0.0;0.0;0.0;0.0;0.0;0.0;0.0;12;837208;1664216;42;14;20;24;22;44;44;0.0;0.0
255156;0;1694;340;-96;111;-2436.170654;n/a;n/a;n/a;0.0;9.9;0.0;0.0;0.0;0.0;0.0;0.0;0.0;0.0;0.0;0.0;0.0;0.0;0.0;0.0;12;837208;1664216;42;13;20;42;31;30;27;0.0;0.0
256154;0;1694;340;-95;110;-2436.211182;n/a;n/a;n/a;0.0;10;0.0;0.0;0.0;0.0;0.0;0.0;0.0;0.0;0.0;0.0;0.0;0.0;0.0;0.0;12;837208;1664216;42;13;20;35;37;29;28;0.0;0.0
257154;0;1694;340;-95;110;-2435.702148;n/a;n/a;n/a;0.0;10;0.0;0.0;0.0;0.0;0.0;0.0;0.0;0.0;0.0;0.0;0.0;0.0;0.0;0.0;12;837208;1664216;42;14;20;62;49;78;74;0.0;0.0
258150;0;1694;340;-96;111;-2436.302490;n/a;n/a;n/a;0.0;10.0;0.0;0.0;0.0;0.0;0.0;0.0;0.0;0.0;0.0;0.0;0.0;0.0;0.0;0.0;12;837208;1664216;42;14;20;59;46;61;72;0.0;0.0
259146;0;1694;340;-101;116;-3760.578125;n/a;n/a;n/a;0.0;1.9;0.0;0.0;0.0;0.0;0.0;0.0;0.0;0.0;0.0;0.0;2.0;0.0;0.0;0.0;12;837208;1664216;42;16;20;76;71;76;73;0.0;0.0
260144;0;1694;340;-100;115;-6149.893066;n/a;n/a;n/a;0.0;2.0;0.0;0.0;0.0;0.0;0.0;0.0;0.0;0.0;0.0;0.0;0.0;0.0;0.0;0.0;12;837208;1664216;42;16;20;35;25;37;38;0.0;0.0
261142;0;1694;340;-98;113;-4401.791992;n/a;n/a;n/a;0.0;4.5;0.0;0.0;0.0;0.0;0.0;0.0;0.0;0.0;0.0;0.0;0.0;0.0;0.0;0.0;12;837208;1664216;42;15;20;41;40;35;34;0.0;0.0
262140;0;1694;340;-96;111;-2435.578125;n/a;n/a;n/a;0.0;9.8;0.0;0.0;0.0;0.0;0.0;0.0;0.0;0.0;0.0;0.0;0.0;0.0;0.0;0.0;12;837208;1664216;42;13;20;41;28;37;48;0.0;0.0
263138;0;1694;340;-96;111;-2435.417236;n/a;n/a;n/a;0.0;9.1;0.0;0.0;0.0;0.0;0.0;0.0;0.0;0.0;0.0;0.0;0.0;0.0;0.0;0.0;12;837208;1664216;42;14;20;88;48;33;45;0.0;0.0
264136;0;1694;340;-97;112;-2435.786133;n/a;n/a;n/a;0.0;8.9;0.0;0.0;0.0;0.0;0.0;0.0;0.0;0.0;0.0;0.0;0.0;0.0;0.0;0.0;12;837208;1664216;42;14;20;91;60;34;43;0.0;0.0
265134;0;1694;340;-96;111;-2435.522949;n/a;n/a;n/a;0.0;9.5;0.0;0.0;0.0;0.0;0.0;0.0;0.0;0.0;0.0;0.0;0.0;0.0;0.0;0.0;12;837208;1664216;42;13;20;48;39;19;20;0.0;0.0
266132;0;1694;340;-96;111;-2435.484863;n/a;n/a;n/a;0.0;9.3;0.0;0.0;0.0;0.0;0.0;0.0;0.0;0.0;0.0;0.0;0.0;0.0;0.0;0.0;12;837208;1664216;42;13;20;47;36;23;18;0.0;0.0
267130;0;1694;340;-96;111;-2435.157227;n/a;n/a;n/a;0.0;9.2;0.0;0.0;0.0;0.0;0.0;0.0;0.0;0.0;0.0;0.0;0.0;0.0;0.0;0.0;12;837208;1664216;42;13;20;37;28;26;28;0.0;0.0
268128;0;1694;340;-96;111;-2435.291992;n/a;n/a;n/a;0.0;9.2;0.0;0.0;0.0;0.0;0.0;0.0;0.0;0.0;0.0;0.0;0.0;0.0;0.0;0.0;12;837208;1664216;42;13;20;35;24;30;30;0.0;0.0
269126;0;1694;340;-96;111;-2434.896729;n/a;n/a;n/a;0.0;9.3;0.0;0.0;0.0;0.0;0.0;0.0;0.0;0.0;0.0;0.0;0.0;0.0;0.0;0.0;12;837208;1664216;42;13;20;33;23;33;31;0.0;0.0
270124;0;1694;340;-96;111;-2435.687988;n/a;n/a;n/a;0.0;9.5;0.0;0.0;0.0;0.0;0.0;0.0;0.0;0.0;0.0;0.0;0.0;0.0;0.0;0.0;12;837208;1664216;42;13;20;39;29;37;35;0.0;0.0
271122;0;1694;340;-96;111;-2437.606934;n/a;n/a;n/a;0.0;9.4;0.0;0.0;0.0;0.0;0.0;0.0;0.0;0.0;0.0;0.0;0.0;0.0;0.0;0.0;12;837208;1664216;42;13;20;36;25;29;29;0.0;0.0
#eof
