timestamp,mode,lat,lon,alt_rel,roll,pitch,yaw,gps_fix,satellites
17:25:49.481,N/A,0,0,0,-3.27,2.66,17.05,N/A,N/A
17:25:49.490,N/A,0,0,0,-3.27,2.66,17.05,N/A,N/A
17:25:49.499,N/A,0,0,0,-3.27,2.66,17.05,N/A,N/A
17:25:49.507,N/A,0,0,0,-3.27,2.66,17.05,N/A,N/A
17:25:49.520,N/A,0,0,0,-3.28,2.66,17.05,N/A,N/A
17:25:49.535,N/A,0,0,0,-3.28,2.66,17.05,N/A,N/A
17:25:49.553,N/A,0,0,0,-3.27,2.66,17.05,N/A,N/A
17:25:49.561,N/A,0,0,0,-3.27,2.66,17.05,N/A,N/A
17:25:49.577,N/A,0,0,0,-3.28,2.66,17.05,N/A,N/A
17:25:49.590,N/A,0,0,0,-3.28,2.66,17.05,N/A,N/A
17:25:49.598,N/A,0,0,0,-3.28,2.66,17.05,N/A,N/A
17:25:49.607,N/A,0,0,0,-3.28,2.66,17.05,N/A,N/A
17:25:49.620,N/A,0,0,0,-3.28,2.66,17.05,N/A,N/A
17:25:49.630,N/A,0,0,0,-3.28,2.66,17.05,N/A,N/A
17:25:49.638,N/A,0,0,0,-3.27,2.66,17.05,N/A,N/A
17:25:49.655,N/A,0,0,0,-3.27,2.66,17.05,N/A,N/A
17:25:49.663,N/A,0,0,0,-3.27,2.66,17.05,N/A,N/A
17:25:49.670,N/A,0,0,0,-3.27,2.66,17.05,N/A,N/A
17:25:49.679,N/A,0,0,0,-3.27,2.66,17.05,N/A,N/A
17:25:49.688,N/A,0,0,0,-3.27,2.66,17.05,N/A,N/A
17:25:49.698,N/A,0,0,0,-3.28,2.66,17.05,N/A,N/A
17:25:49.710,N/A,0,0,0,-3.28,2.66,17.05,N/A,N/A
17:25:49.723,N/A,0,0,0,-3.28,2.66,17.05,N/A,N/A
17:25:49.727,N/A,0,0,0,-3.28,2.66,17.05,N/A,N/A
17:25:49.740,N/A,0,0,0,-3.28,2.66,17.05,N/A,N/A
17:25:49.754,N/A,0,0,0,-3.27,2.66,17.05,N/A,N/A
17:25:49.769,N/A,0,0,0,-3.27,2.66,17.05,N/A,N/A
17:25:49.771,N/A,0,0,0,-3.27,2.66,17.05,N/A,N/A
17:25:49.781,N/A,0,0,0,-3.28,2.66,17.05,N/A,N/A
17:25:49.791,N/A,0,0,0,-3.27,2.66,17.05,N/A,N/A
17:25:49.809,N/A,0,0,0,-3.28,2.66,17.05,N/A,N/A
17:25:49.820,N/A,0,0,0,-3.27,2.66,17.05,N/A,N/A
17:25:49.829,N/A,0,0,0,-3.27,2.66,17.05,N/A,N/A
17:25:49.839,N/A,0,0,0,-3.27,2.66,17.05,N/A,N/A
17:25:49.855,N/A,0,0,0,-3.28,2.66,17.05,N/A,N/A
17:25:49.860,N/A,0,0,0,-3.28,2.66,17.05,N/A,N/A
17:25:49.870,N/A,0,0,0,-3.27,2.66,17.05,N/A,N/A
17:25:49.882,N/A,0,0,0,-3.27,2.66,17.05,N/A,N/A
17:25:49.889,N/A,0,0,0,-3.27,2.66,17.05,N/A,N/A
17:25:49.901,N/A,0,0,0,-3.27,2.66,17.05,N/A,N/A
17:25:49.913,N/A,0,0,0,-3.27,2.66,17.05,N/A,N/A
17:25:49.921,N/A,0,0,0,-3.27,2.66,17.05,N/A,N/A
17:25:49.930,N/A,0,0,0,-3.27,2.66,17.05,N/A,N/A
17:25:49.951,N/A,0,0,0,-3.27,2.66,17.05,N/A,N/A
17:25:49.959,N/A,0,0,0,-3.27,2.66,17.05,N/A,N/A
17:25:49.973,N/A,0,0,0,-3.27,2.66,17.05,N/A,N/A
17:25:49.981,N/A,0,0,0,-3.27,2.66,17.05,N/A,N/A
17:25:49.990,N/A,0,0,0,-3.27,2.66,17.05,N/A,N/A
17:25:49.999,N/A,0,0,0,-3.27,2.66,17.05,N/A,N/A
17:25:50.010,N/A,0,0,0,-3.27,2.66,17.05,N/A,N/A
17:25:50.022,N/A,0,0,0,-3.27,2.66,17.05,N/A,N/A
17:25:50.030,N/A,0,0,0,-3.27,2.66,17.05,N/A,N/A
17:25:50.039,N/A,0,0,0,-3.27,2.66,17.05,N/A,N/A
17:25:50.053,N/A,0,0,0,-3.28,2.66,17.05,N/A,N/A
17:25:50.068,N/A,0,0,0,-3.28,2.66,17.05,N/A,N/A
17:25:50.082,N/A,0,0,0,-3.28,2.66,17.05,N/A,N/A
17:25:50.089,N/A,0,0,0,-3.28,2.66,17.05,N/A,N/A
17:25:50.100,N/A,0,0,0,-3.28,2.66,17.05,N/A,N/A
17:25:50.109,N/A,0,0,0,-3.28,2.66,17.05,N/A,N/A
17:25:50.122,N/A,0,0,0,-3.28,2.66,17.05,N/A,N/A
17:25:50.132,N/A,0,0,0,-3.28,2.66,17.05,N/A,N/A
17:25:50.142,N/A,0,0,0,-3.28,2.66,17.05,N/A,N/A
17:25:50.152,N/A,0,0,0,-3.28,2.66,17.05,N/A,N/A
17:25:50.159,N/A,0,0,0,-3.28,2.66,17.05,N/A,N/A
17:25:50.166,N/A,0,0,0,-3.28,2.66,17.05,N/A,N/A
17:25:50.179,N/A,0,0,0,-3.28,2.66,17.05,N/A,N/A
17:25:50.188,N/A,0,0,0,-3.28,2.66,17.05,N/A,N/A
17:25:50.200,N/A,0,0,0,-3.28,2.66,17.05,N/A,N/A
17:25:50.210,N/A,0,0,0,-3.28,2.66,17.05,N/A,N/A
17:25:50.220,N/A,0,0,0,-3.28,2.66,17.05,N/A,N/A
17:25:50.229,N/A,0,0,0,-3.28,2.66,17.05,N/A,N/A
17:25:50.239,N/A,0,0,0,-3.28,2.66,17.05,N/A,N/A
17:25:50.251,N/A,0,0,0,-3.28,2.66,17.05,N/A,N/A
17:25:50.259,N/A,0,0,0,-3.28,2.66,17.05,N/A,N/A
17:25:50.269,N/A,0,0,0,-3.28,2.66,17.05,N/A,N/A
17:25:50.279,N/A,0,0,0,-3.28,2.66,17.05,N/A,N/A
17:25:50.290,N/A,0,0,0,-3.28,2.66,17.05,N/A,N/A
17:25:50.300,N/A,0,0,0,-3.28,2.66,17.05,N/A,N/A
17:25:50.308,N/A,0,0,0,-3.28,2.66,17.05,N/A,N/A
17:25:50.321,N/A,0,0,0,-3.28,2.66,17.05,N/A,N/A
17:25:50.335,N/A,0,0,0,-3.28,2.66,17.05,N/A,N/A
17:25:50.354,N/A,0,0,0,-3.28,2.66,17.05,N/A,N/A
17:25:50.357,N/A,0,0,0,-3.28,2.66,17.05,N/A,N/A
17:25:50.368,N/A,0,0,0,-3.28,2.66,17.05,N/A,N/A
17:25:50.379,N/A,0,0,0,-3.28,2.66,17.05,N/A,N/A
17:25:50.390,N/A,0,0,0,-3.28,2.66,17.05,N/A,N/A
17:25:50.398,N/A,0,0,0,-3.28,2.66,17.05,N/A,N/A
17:25:50.407,N/A,0,0,0,-3.28,2.66,17.05,N/A,N/A
17:25:50.418,N/A,0,0,0,-3.28,2.66,17.05,N/A,N/A
17:25:50.430,N/A,0,0,0,-3.28,2.66,17.05,N/A,N/A
17:25:50.433,N/A,0,0,0,-3.28,2.66,17.05,N/A,N/A
17:25:50.453,N/A,0,0,0,-3.28,2.66,17.05,N/A,N/A
17:25:50.461,N/A,0,0,0,-3.28,2.66,17.05,N/A,N/A
17:25:50.472,N/A,0,0,0,-3.28,2.66,17.05,N/A,N/A
17:25:50.484,N/A,0,0,0,-3.28,2.66,17.05,N/A,N/A
17:25:50.491,N/A,0,0,0,-3.28,2.66,17.05,N/A,N/A
17:25:50.500,N/A,0,0,0,-3.28,2.66,17.05,N/A,N/A
17:25:50.510,N/A,0,0,0,-3.28,2.66,17.05,N/A,N/A
17:25:50.528,N/A,0,0,0,-3.28,2.66,17.05,N/A,N/A
17:25:50.540,N/A,0,0,0,-3.28,2.66,17.05,N/A,N/A
17:25:50.550,N/A,0,0,0,-3.28,2.66,17.05,N/A,N/A
17:25:50.562,N/A,0,0,0,-3.28,2.66,17.05,N/A,N/A
17:25:50.568,N/A,0,0,0,-3.28,2.66,17.05,N/A,N/A
17:25:50.586,N/A,0,0,0,-3.28,2.66,17.05,N/A,N/A
17:25:50.601,N/A,0,0,0,-3.28,2.66,17.05,N/A,N/A
17:25:50.609,N/A,0,0,0,-3.28,2.66,17.05,N/A,N/A
17:25:50.620,N/A,0,0,0,-3.28,2.66,17.05,N/A,N/A
17:25:50.634,N/A,0,0,0,-3.28,2.66,17.05,N/A,N/A
17:25:50.639,N/A,0,0,0,-3.28,2.66,17.05,N/A,N/A
17:25:50.652,N/A,0,0,0,-3.28,2.66,17.05,N/A,N/A
17:25:50.662,N/A,0,0,0,-3.28,2.66,17.05,N/A,N/A
17:25:50.668,N/A,0,0,0,-3.28,2.66,17.05,N/A,N/A
17:25:50.678,N/A,0,0,0,-3.28,2.66,17.05,N/A,N/A
17:25:50.691,N/A,0,0,0,-3.28,2.66,17.05,N/A,N/A
17:25:50.701,N/A,0,0,0,-3.28,2.66,17.05,N/A,N/A
17:25:50.707,N/A,0,0,0,-3.28,2.66,17.05,N/A,N/A
17:25:50.722,N/A,0,0,0,-3.28,2.66,17.05,N/A,N/A
17:25:50.728,N/A,0,0,0,-3.28,2.66,17.05,N/A,N/A
17:25:50.741,N/A,0,0,0,-3.28,2.66,17.05,N/A,N/A
17:25:50.755,N/A,0,0,0,-3.28,2.66,17.05,N/A,N/A
17:25:50.761,N/A,0,0,0,-3.28,2.66,17.05,N/A,N/A
17:25:50.768,N/A,0,0,0,-3.28,2.66,17.05,N/A,N/A
17:25:50.783,N/A,0,0,0,-3.28,2.66,17.05,N/A,N/A
17:25:50.789,N/A,0,0,0,-3.28,2.66,17.05,N/A,N/A
17:25:50.799,N/A,0,0,0,-3.28,2.66,17.05,N/A,N/A
17:25:50.810,N/A,0,0,0,-3.28,2.66,17.05,N/A,N/A
17:25:50.822,N/A,0,0,0,-3.28,2.66,17.05,N/A,N/A
17:25:50.828,N/A,0,0,0,-3.28,2.66,17.05,N/A,N/A
17:25:50.838,N/A,0,0,0,-3.28,2.66,17.05,N/A,N/A
17:25:50.850,N/A,0,0,0,-3.28,2.66,17.05,N/A,N/A
17:25:50.860,N/A,0,0,0,-3.28,2.66,17.05,N/A,N/A
17:25:50.876,N/A,0,0,0,-3.28,2.66,17.05,N/A,N/A
17:25:50.880,N/A,0,0,0,-3.28,2.66,17.05,N/A,N/A
17:25:50.889,N/A,0,0,0,-3.28,2.66,17.05,N/A,N/A
17:25:50.902,N/A,0,0,0,-3.28,2.66,17.05,N/A,N/A
17:25:50.910,N/A,0,0,0,-3.28,2.66,17.05,N/A,N/A
17:25:50.919,N/A,0,0,0,-3.28,2.66,17.05,N/A,N/A
17:25:50.927,N/A,0,0,0,-3.28,2.66,17.05,N/A,N/A
17:25:50.942,N/A,0,0,0,-3.28,2.66,17.05,N/A,N/A
17:25:50.950,N/A,0,0,0,-3.28,2.66,17.05,N/A,N/A
17:25:50.961,N/A,0,0,0,-3.28,2.66,17.05,N/A,N/A
17:25:50.967,N/A,0,0,0,-3.28,2.66,17.05,N/A,N/A
17:25:50.980,N/A,0,0,0,-3.28,2.66,17.05,N/A,N/A
17:25:50.989,N/A,0,0,0,-3.28,2.66,17.05,N/A,N/A
17:25:51.001,N/A,0,0,0,-3.28,2.66,17.05,N/A,N/A
17:25:51.007,N/A,0,0,0,-3.28,2.66,17.05,N/A,N/A
17:25:51.019,N/A,0,0,0,-3.28,2.66,17.05,N/A,N/A
17:25:51.030,N/A,0,0,0,-3.28,2.66,17.05,N/A,N/A
17:25:51.040,N/A,0,0,0,-3.28,2.66,17.05,N/A,N/A
17:25:51.050,N/A,0,0,0,-3.28,2.66,17.05,N/A,N/A
17:25:51.060,N/A,0,0,0,-3.28,2.66,17.05,N/A,N/A
17:25:51.067,N/A,0,0,0,-3.28,2.66,17.05,N/A,N/A
17:25:51.080,N/A,0,0,0,-3.28,2.66,17.05,N/A,N/A
17:25:51.093,N/A,0,0,0,-3.28,2.66,17.05,N/A,N/A
17:25:51.108,N/A,0,0,0,-3.28,2.66,17.05,N/A,N/A
17:25:51.120,N/A,0,0,0,-3.28,2.66,17.05,N/A,N/A
17:25:51.127,N/A,0,0,0,-3.28,2.66,17.05,N/A,N/A
17:25:51.134,N/A,0,0,0,-3.28,2.66,17.05,N/A,N/A
17:25:51.152,N/A,0,0,0,-3.28,2.66,17.05,N/A,N/A
17:25:51.159,N/A,0,0,0,-3.28,2.66,17.05,N/A,N/A
17:25:51.167,N/A,0,0,0,-3.28,2.66,17.05,N/A,N/A
17:25:51.173,N/A,0,0,0,-3.28,2.66,17.05,N/A,N/A
17:25:51.188,N/A,0,0,0,-3.28,2.66,17.05,N/A,N/A
17:25:51.199,N/A,0,0,0,-3.28,2.66,17.05,N/A,N/A
17:25:51.207,N/A,0,0,0,-3.28,2.66,17.05,N/A,N/A
17:25:51.221,N/A,0,0,0,-3.28,2.66,17.05,N/A,N/A
17:25:51.227,N/A,0,0,0,-3.28,2.66,17.05,N/A,N/A
17:25:51.233,N/A,0,0,0,-3.28,2.66,17.05,N/A,N/A
17:25:51.250,N/A,0,0,0,-3.28,2.66,17.05,N/A,N/A
17:25:51.266,N/A,0,0,0,-3.28,2.66,17.05,N/A,N/A
17:25:51.282,N/A,0,0,0,-3.28,2.66,17.05,N/A,N/A
17:25:51.293,N/A,0,0,0,-3.28,2.66,17.05,N/A,N/A
17:25:51.308,N/A,0,0,0,-3.28,2.66,17.05,N/A,N/A
17:25:51.320,N/A,0,0,0,-3.28,2.66,17.05,N/A,N/A
17:25:51.328,N/A,0,0,0,-3.28,2.66,17.05,N/A,N/A
17:25:51.341,N/A,0,0,0,-3.28,2.66,17.05,N/A,N/A
17:25:51.356,N/A,0,0,0,-3.28,2.66,17.05,N/A,N/A
17:25:51.364,N/A,0,0,0,-3.28,2.66,17.05,N/A,N/A
17:25:51.380,N/A,0,0,0,-3.28,2.66,17.05,N/A,N/A
17:25:51.390,N/A,0,0,0,-3.28,2.66,17.05,N/A,N/A
17:25:51.402,N/A,0,0,0,-3.28,2.66,17.05,N/A,N/A
17:25:51.413,N/A,0,0,0,-3.28,2.66,17.05,N/A,N/A
17:25:51.429,N/A,0,0,0,-3.28,2.66,17.05,N/A,N/A
17:25:51.446,N/A,0,0,0,-3.28,2.66,17.05,N/A,N/A
17:25:51.459,N/A,0,0,0,-3.28,2.66,17.05,N/A,N/A
17:25:51.468,N/A,0,0,0,-3.28,2.66,17.05,N/A,N/A
17:25:51.479,N/A,0,0,0,-3.28,2.66,17.05,N/A,N/A
17:25:51.493,N/A,0,0,0,-3.28,2.66,17.05,N/A,N/A
17:25:51.508,N/A,0,0,0,-3.28,2.66,17.05,N/A,N/A
17:25:51.534,N/A,0,0,0,-3.28,2.66,17.05,N/A,N/A
17:25:51.551,N/A,0,0,0,-3.28,2.66,17.05,N/A,N/A
17:25:51.559,N/A,0,0,0,-3.28,2.66,17.05,N/A,N/A
17:25:51.566,N/A,0,0,0,-3.28,2.66,17.05,N/A,N/A
17:25:51.577,N/A,0,0,0,-3.28,2.66,17.05,N/A,N/A
17:25:51.594,N/A,0,0,0,-3.28,2.66,17.05,N/A,N/A
17:25:51.598,N/A,0,0,0,-3.28,2.66,17.05,N/A,N/A
17:25:51.612,N/A,0,0,0,-3.28,2.66,17.05,N/A,N/A
17:25:51.627,N/A,0,0,0,-3.28,2.66,17.05,N/A,N/A
17:25:51.634,N/A,0,0,0,-3.28,2.66,17.05,N/A,N/A
17:25:51.656,N/A,0,0,0,-3.28,2.66,17.05,N/A,N/A
17:25:51.667,N/A,0,0,0,-3.28,2.66,17.05,N/A,N/A
17:25:51.679,N/A,0,0,0,-3.28,2.66,17.05,N/A,N/A
17:25:51.690,N/A,0,0,0,-3.28,2.66,17.05,N/A,N/A
17:25:51.699,N/A,0,0,0,-3.28,2.66,17.05,N/A,N/A
17:25:51.714,N/A,0,0,0,-3.28,2.66,17.05,N/A,N/A
17:25:51.732,N/A,0,0,0,-3.28,2.66,17.05,N/A,N/A
17:25:51.750,N/A,0,0,0,-3.28,2.66,17.05,N/A,N/A
17:25:51.759,N/A,0,0,0,-3.28,2.66,17.05,N/A,N/A
17:25:51.766,N/A,0,0,0,-3.28,2.66,17.05,N/A,N/A
17:25:51.780,N/A,0,0,0,-3.28,2.66,17.05,N/A,N/A
17:25:51.788,N/A,0,0,0,-3.28,2.66,17.05,N/A,N/A
17:25:51.798,N/A,0,0,0,-3.28,2.66,17.05,N/A,N/A
17:25:51.807,N/A,0,0,0,-3.28,2.66,17.05,N/A,N/A
17:25:51.824,N/A,0,0,0,-3.28,2.66,17.05,N/A,N/A
17:25:51.841,N/A,0,0,0,-3.28,2.66,17.05,N/A,N/A
17:25:51.854,N/A,0,0,0,-3.28,2.66,17.05,N/A,N/A
17:25:51.867,N/A,0,0,0,-3.28,2.66,17.05,N/A,N/A
17:25:51.879,N/A,0,0,0,-3.28,2.66,17.05,N/A,N/A
17:25:51.893,N/A,0,0,0,-3.28,2.66,17.05,N/A,N/A
17:25:51.904,N/A,0,0,0,-3.28,2.66,17.05,N/A,N/A
17:25:51.912,N/A,0,0,0,-3.28,2.66,17.05,N/A,N/A
17:25:51.927,N/A,0,0,0,-3.28,2.66,17.05,N/A,N/A
17:25:51.932,N/A,0,0,0,-3.28,2.66,17.05,N/A,N/A
17:25:51.949,N/A,0,0,0,-3.28,2.66,17.05,N/A,N/A
17:25:51.953,N/A,0,0,0,-3.28,2.66,17.05,N/A,N/A
17:25:51.967,N/A,0,0,0,-3.28,2.66,17.05,N/A,N/A
17:25:51.972,N/A,0,0,0,-3.28,2.66,17.05,N/A,N/A
17:25:51.987,N/A,0,0,0,-3.28,2.66,17.05,N/A,N/A
17:25:51.993,N/A,0,0,0,-3.28,2.66,17.05,N/A,N/A
17:25:52.007,N/A,0,0,0,-3.28,2.66,17.05,N/A,N/A
17:25:52.020,N/A,0,0,0,-3.28,2.66,17.05,N/A,N/A
17:25:52.024,N/A,0,0,0,-3.28,2.66,17.05,N/A,N/A
17:25:52.038,N/A,0,0,0,-3.28,2.66,17.05,N/A,N/A
17:25:52.048,N/A,0,0,0,-3.28,2.66,17.05,N/A,N/A
17:25:52.053,N/A,0,0,0,-3.28,2.66,17.05,N/A,N/A
17:25:52.065,N/A,0,0,0,-3.28,2.66,17.05,N/A,N/A
17:25:52.073,N/A,0,0,0,-3.29,2.66,17.05,N/A,N/A
17:25:52.085,N/A,0,0,0,-3.28,2.66,17.05,N/A,N/A
17:25:52.093,N/A,0,0,0,-3.28,2.66,17.05,N/A,N/A
17:25:52.108,N/A,0,0,0,-3.29,2.66,17.05,N/A,N/A
17:25:52.126,N/A,0,0,0,-3.28,2.66,17.05,N/A,N/A
17:25:52.138,N/A,0,0,0,-3.28,2.66,17.05,N/A,N/A
17:25:52.151,N/A,0,0,0,-3.28,2.66,17.05,N/A,N/A
17:25:52.158,N/A,0,0,0,-3.28,2.66,17.05,N/A,N/A
17:25:52.173,N/A,0,0,0,-3.29,2.66,17.05,N/A,N/A
17:25:52.179,N/A,0,0,0,-3.28,2.66,17.05,N/A,N/A
17:25:52.186,N/A,0,0,0,-3.29,2.66,17.05,N/A,N/A
17:25:52.199,N/A,0,0,0,-3.29,2.66,17.05,N/A,N/A
17:25:52.207,N/A,0,0,0,-3.29,2.66,17.05,N/A,N/A
17:25:52.219,N/A,0,0,0,-3.29,2.66,17.05,N/A,N/A
17:25:52.227,N/A,0,0,0,-3.29,2.66,17.05,N/A,N/A
17:25:52.241,N/A,0,0,0,-3.29,2.66,17.05,N/A,N/A
17:25:52.250,N/A,0,0,0,-3.29,2.66,17.05,N/A,N/A
17:25:52.261,N/A,0,0,0,-3.29,2.66,17.05,N/A,N/A
17:25:52.267,N/A,0,0,0,-3.29,2.66,17.05,N/A,N/A
17:25:52.279,N/A,0,0,0,-3.29,2.66,17.05,N/A,N/A
17:25:52.288,N/A,0,0,0,-3.29,2.66,17.05,N/A,N/A
17:25:52.299,N/A,0,0,0,-3.29,2.66,17.05,N/A,N/A
17:25:52.313,N/A,0,0,0,-3.29,2.66,17.05,N/A,N/A
17:25:52.327,N/A,0,0,0,-3.29,2.66,17.05,N/A,N/A
17:25:52.347,N/A,0,0,0,-3.29,2.66,17.04,N/A,N/A
17:25:52.354,N/A,0,0,0,-3.29,2.66,17.04,N/A,N/A
17:25:52.367,N/A,0,0,0,-3.29,2.66,17.04,N/A,N/A
17:25:52.374,N/A,0,0,0,-3.29,2.66,17.04,N/A,N/A
17:25:52.387,N/A,0,0,0,-3.29,2.66,17.04,N/A,N/A
17:25:52.399,N/A,0,0,0,-3.29,2.66,17.04,N/A,N/A
17:25:52.408,N/A,0,0,0,-3.29,2.66,17.04,N/A,N/A
17:25:52.416,N/A,0,0,0,-3.29,2.66,17.04,N/A,N/A
17:25:52.431,N/A,0,0,0,-3.29,2.66,17.04,N/A,N/A
17:25:52.445,N/A,0,0,0,-3.29,2.66,17.04,N/A,N/A
17:25:52.451,N/A,0,0,0,-3.29,2.66,17.04,N/A,N/A
17:25:52.467,N/A,0,0,0,-3.29,2.66,17.04,N/A,N/A
17:25:52.482,N/A,0,0,0,-3.29,2.66,17.04,N/A,N/A
17:25:52.489,N/A,0,0,0,-3.29,2.66,17.04,N/A,N/A
17:25:52.498,N/A,0,0,0,-3.29,2.66,17.04,N/A,N/A
17:25:52.507,N/A,0,0,0,-3.29,2.66,17.04,N/A,N/A
17:25:52.519,N/A,0,0,0,-3.29,2.66,17.04,N/A,N/A
17:25:52.528,N/A,0,0,0,-3.29,2.66,17.04,N/A,N/A
17:25:52.539,N/A,0,0,0,-3.29,2.66,17.04,N/A,N/A
17:25:52.550,N/A,0,0,0,-3.29,2.66,17.04,N/A,N/A
17:25:52.559,N/A,0,0,0,-3.29,2.66,17.04,N/A,N/A
17:25:52.566,N/A,0,0,0,-3.29,2.66,17.04,N/A,N/A
17:25:52.585,N/A,0,0,0,-3.29,2.66,17.04,N/A,N/A
17:25:52.588,N/A,0,0,0,-3.29,2.66,17.04,N/A,N/A
17:25:52.599,N/A,0,0,0,-3.28,2.66,17.04,N/A,N/A
17:25:52.609,N/A,0,0,0,-3.28,2.66,17.04,N/A,N/A
17:25:52.620,N/A,0,0,0,-3.28,2.66,17.04,N/A,N/A
17:25:52.631,N/A,0,0,0,-3.28,2.66,17.04,N/A,N/A
17:25:52.647,N/A,0,0,0,-3.28,2.66,17.04,N/A,N/A
17:25:52.655,N/A,0,0,0,-3.28,2.66,17.04,N/A,N/A
17:25:52.666,N/A,0,0,0,-3.28,2.66,17.04,N/A,N/A
17:25:52.679,N/A,0,0,0,-3.28,2.66,17.04,N/A,N/A
17:25:52.687,N/A,0,0,0,-3.28,2.66,17.04,N/A,N/A
17:25:52.698,N/A,0,0,0,-3.28,2.66,17.04,N/A,N/A
17:25:52.708,N/A,0,0,0,-3.28,2.66,17.04,N/A,N/A
17:25:52.726,N/A,0,0,0,-3.28,2.66,17.04,N/A,N/A
17:25:52.730,N/A,0,0,0,-3.28,2.65,17.04,N/A,N/A
17:25:52.746,N/A,0,0,0,-3.28,2.65,17.04,N/A,N/A
17:25:52.759,N/A,0,0,0,-3.28,2.65,17.04,N/A,N/A
17:25:52.764,N/A,0,0,0,-3.28,2.65,17.04,N/A,N/A
17:25:52.787,N/A,0,0,0,-3.28,2.65,17.04,N/A,N/A
17:25:52.800,N/A,0,0,0,-3.28,2.65,17.04,N/A,N/A
17:25:52.803,N/A,0,0,0,-3.28,2.65,17.04,N/A,N/A
17:25:52.821,N/A,0,0,0,-3.27,2.65,17.04,N/A,N/A
17:25:52.826,N/A,0,0,0,-3.27,2.65,17.04,N/A,N/A
17:25:52.835,N/A,0,0,0,-3.27,2.65,17.04,N/A,N/A
17:25:52.848,N/A,0,0,0,-3.27,2.65,17.04,N/A,N/A
17:25:52.854,N/A,0,0,0,-3.27,2.65,17.04,N/A,N/A
17:25:52.864,N/A,0,0,0,-3.27,2.65,17.04,N/A,N/A
17:25:52.876,N/A,0,0,0,-3.27,2.65,17.04,N/A,N/A
17:25:52.889,N/A,0,0,0,-3.27,2.65,17.04,N/A,N/A
17:25:52.901,N/A,0,0,0,-3.27,2.65,17.04,N/A,N/A
17:25:52.908,N/A,0,0,0,-3.27,2.65,17.04,N/A,N/A
17:25:52.920,N/A,0,0,0,-3.27,2.65,17.04,N/A,N/A
17:25:52.924,N/A,0,0,0,-3.27,2.65,17.04,N/A,N/A
17:25:52.933,N/A,0,0,0,-3.27,2.65,17.04,N/A,N/A
17:25:52.949,N/A,0,0,0,-3.27,2.65,17.04,N/A,N/A
17:25:52.959,N/A,0,0,0,-3.27,2.65,17.04,N/A,N/A
17:25:52.965,N/A,0,0,0,-3.27,2.65,17.04,N/A,N/A
17:25:52.980,N/A,0,0,0,-3.27,2.65,17.04,N/A,N/A
17:25:52.987,N/A,0,0,0,-3.27,2.65,17.04,N/A,N/A
17:25:52.995,N/A,0,0,0,-3.27,2.65,17.04,N/A,N/A
17:25:53.008,N/A,0,0,0,-3.27,2.65,17.04,N/A,N/A
17:25:53.014,N/A,0,0,0,-3.27,2.65,17.04,N/A,N/A
17:25:53.031,N/A,0,0,0,-3.27,2.65,17.04,N/A,N/A
17:25:53.034,N/A,0,0,0,-3.27,2.65,17.04,N/A,N/A
17:25:53.048,N/A,0,0,0,-3.27,2.65,17.04,N/A,N/A
17:25:53.055,N/A,0,0,0,-3.27,2.65,17.04,N/A,N/A
17:25:53.069,N/A,0,0,0,-3.27,2.65,17.04,N/A,N/A
17:25:53.084,N/A,0,0,0,-3.27,2.65,17.04,N/A,N/A
17:25:53.092,N/A,0,0,0,-3.27,2.65,17.04,N/A,N/A
17:25:53.105,N/A,0,0,0,-3.27,2.65,17.04,N/A,N/A
17:25:53.110,N/A,0,0,0,-3.27,2.65,17.04,N/A,N/A
17:25:53.128,N/A,0,0,0,-3.27,2.65,17.04,N/A,N/A
17:25:53.134,N/A,0,0,0,-3.27,2.65,17.04,N/A,N/A
17:25:53.153,N/A,0,0,0,-3.27,2.65,17.04,N/A,N/A
17:25:53.166,N/A,0,0,0,-3.27,2.65,17.04,N/A,N/A
17:25:53.175,N/A,0,0,0,-3.27,2.65,17.04,N/A,N/A
17:25:53.189,N/A,0,0,0,-3.27,2.65,17.04,N/A,N/A
17:25:53.199,N/A,0,0,0,-3.27,2.64,17.04,N/A,N/A
17:25:53.207,N/A,0,0,0,-3.27,2.64,17.04,N/A,N/A
17:25:53.214,N/A,0,0,0,-3.27,2.65,17.04,N/A,N/A
17:25:53.225,N/A,0,0,0,-3.27,2.64,17.04,N/A,N/A
17:25:53.239,N/A,0,0,0,-3.27,2.64,17.04,N/A,N/A
17:25:53.252,N/A,0,0,0,-3.27,2.65,17.04,N/A,N/A
17:25:53.265,N/A,0,0,0,-3.27,2.64,17.04,N/A,N/A
17:25:53.275,N/A,0,0,0,-3.27,2.64,17.04,N/A,N/A
17:25:53.288,N/A,0,0,0,-3.27,2.64,17.04,N/A,N/A
17:25:53.294,N/A,0,0,0,-3.27,2.64,17.04,N/A,N/A
17:25:53.307,N/A,0,0,0,-3.27,2.64,17.04,N/A,N/A
17:25:53.315,N/A,0,0,0,-3.27,2.65,17.04,N/A,N/A
17:25:53.325,N/A,0,0,0,-3.27,2.64,17.05,N/A,N/A
17:25:53.334,N/A,0,0,0,-3.27,2.64,17.05,N/A,N/A
17:25:53.348,N/A,0,0,0,-3.27,2.64,17.05,N/A,N/A
17:25:53.358,N/A,0,0,0,-3.27,2.64,17.05,N/A,N/A
17:25:53.367,N/A,0,0,0,-3.27,2.65,17.05,N/A,N/A
17:25:53.373,N/A,0,0,0,-3.27,2.65,17.05,N/A,N/A
17:25:53.387,N/A,0,0,0,-3.27,2.65,17.05,N/A,N/A
17:25:53.394,N/A,0,0,0,-3.27,2.65,17.05,N/A,N/A
17:25:53.410,N/A,0,0,0,-3.27,2.65,17.05,N/A,N/A
17:25:53.427,N/A,0,0,0,-3.27,2.64,17.05,N/A,N/A
17:25:53.442,N/A,0,0,0,-3.28,2.64,17.05,N/A,N/A
17:25:53.454,N/A,0,0,0,-3.28,2.64,17.05,N/A,N/A
17:25:53.467,N/A,0,0,0,-3.27,2.65,17.06,N/A,N/A
17:25:53.474,N/A,0,0,0,-3.28,2.65,17.10,N/A,N/A
17:25:53.488,N/A,0,0,0,-3.27,2.64,17.05,N/A,N/A
17:25:53.493,N/A,0,0,0,-3.28,2.64,16.98,N/A,N/A
17:25:53.510,N/A,0,0,0,-3.28,2.64,16.97,N/A,N/A
17:25:53.526,N/A,0,0,0,-3.28,2.64,16.96,N/A,N/A
17:25:53.531,N/A,0,0,0,-3.28,2.65,16.96,N/A,N/A
17:25:53.546,N/A,0,0,0,-3.28,2.65,16.96,N/A,N/A
17:25:53.553,N/A,0,0,0,-3.28,2.65,16.95,N/A,N/A
17:25:53.565,N/A,0,0,0,-3.29,2.64,16.89,N/A,N/A
17:25:53.572,N/A,0,0,0,-3.29,2.64,16.84,N/A,N/A
17:25:53.585,N/A,0,0,0,-3.29,2.64,16.75,N/A,N/A
17:25:53.592,N/A,0,0,0,-3.30,2.64,16.73,N/A,N/A
17:25:53.604,N/A,0,0,0,-3.30,2.63,16.71,N/A,N/A
17:25:53.611,N/A,0,0,0,-3.30,2.63,16.71,N/A,N/A
17:25:53.624,N/A,0,0,0,-3.30,2.63,16.70,N/A,N/A
17:25:53.634,N/A,0,0,0,-3.30,2.63,16.65,N/A,N/A
17:25:53.643,N/A,0,0,0,-3.30,2.63,16.63,N/A,N/A
17:25:53.654,N/A,0,0,0,-3.30,2.63,16.57,N/A,N/A
17:25:53.666,N/A,0,0,0,-3.30,2.62,16.55,N/A,N/A
17:25:53.670,N/A,0,0,0,-3.30,2.62,16.53,N/A,N/A
17:25:53.685,N/A,0,0,0,-3.31,2.62,16.44,N/A,N/A
17:25:53.692,N/A,0,0,0,-3.31,2.61,16.36,N/A,N/A
17:25:53.703,N/A,0,0,0,-3.31,2.61,16.33,N/A,N/A
17:25:53.711,N/A,0,0,0,-3.31,2.61,16.30,N/A,N/A
17:25:53.726,N/A,0,0,0,-3.31,2.61,16.39,N/A,N/A
17:25:53.734,N/A,0,0,0,-3.31,2.62,16.47,N/A,N/A
17:25:53.746,N/A,0,0,0,-3.30,2.63,16.63,N/A,N/A
17:25:53.754,N/A,0,0,0,-3.30,2.63,16.66,N/A,N/A
17:25:53.769,N/A,0,0,0,-3.30,2.63,16.66,N/A,N/A
17:25:53.785,N/A,0,0,0,-3.30,2.63,16.66,N/A,N/A
17:25:53.788,N/A,0,0,0,-3.30,2.63,16.66,N/A,N/A
17:25:53.804,N/A,0,0,0,-3.30,2.63,16.67,N/A,N/A
17:25:53.809,N/A,0,0,0,-3.30,2.63,16.67,N/A,N/A
17:25:53.826,N/A,0,0,0,-3.29,2.64,16.78,N/A,N/A
17:25:53.833,N/A,0,0,0,-3.29,2.64,16.83,N/A,N/A
17:25:53.847,N/A,0,0,0,-3.30,2.63,16.69,N/A,N/A
17:25:53.864,N/A,0,0,0,-3.31,2.62,16.43,N/A,N/A
17:25:53.875,N/A,0,0,0,-3.31,2.61,16.35,N/A,N/A
17:25:53.889,N/A,0,0,0,-3.35,2.61,16.29,N/A,N/A
17:25:53.893,N/A,0,0,0,-3.51,2.60,16.21,N/A,N/A
17:25:53.910,N/A,0,0,0,-3.95,2.50,16.01,N/A,N/A
17:25:53.930,N/A,0,0,0,-3.85,1.56,15.71,N/A,N/A
17:25:53.948,N/A,0,0,0,-3.83,0.41,15.56,N/A,N/A
17:25:53.953,N/A,0,0,0,-3.80,-0.06,15.48,N/A,N/A
17:25:53.966,N/A,0,0,0,-3.86,-1.62,15.29,N/A,N/A
17:25:53.970,N/A,0,0,0,-3.91,-2.16,15.22,N/A,N/A
17:25:53.988,N/A,0,0,0,-4.12,-3.83,14.96,N/A,N/A
17:25:53.992,N/A,0,0,0,-4.23,-4.39,14.87,N/A,N/A
17:25:54.006,N/A,0,0,0,-4.66,-6.08,14.78,N/A,N/A
17:25:54.013,N/A,0,0,0,-4.90,-7.20,14.89,N/A,N/A
17:25:54.031,N/A,0,0,0,-5.24,-8.77,15.12,N/A,N/A
17:25:54.049,N/A,0,0,0,-5.48,-10.31,15.34,N/A,N/A
17:25:54.053,N/A,0,0,0,-5.50,-10.84,15.39,N/A,N/A
17:25:54.063,N/A,0,0,0,-5.44,-11.91,15.42,N/A,N/A
17:25:54.074,N/A,0,0,0,-5.23,-13.54,15.38,N/A,N/A
17:25:54.087,N/A,0,0,0,-5.17,-14.53,15.36,N/A,N/A
17:25:54.094,N/A,0,0,0,-5.10,-15.49,15.31,N/A,N/A
17:25:54.106,N/A,0,0,0,-4.98,-16.44,15.24,N/A,N/A
17:25:54.110,N/A,0,0,0,-4.90,-16.93,15.21,N/A,N/A
17:25:54.125,N/A,0,0,0,-4.75,-17.92,15.14,N/A,N/A
17:25:54.130,N/A,0,0,0,-4.68,-18.91,15.08,N/A,N/A
17:25:54.148,N/A,0,0,0,-4.62,-20.41,15.04,N/A,N/A
17:25:54.153,N/A,0,0,0,-4.62,-20.93,15.05,N/A,N/A
17:25:54.169,N/A,0,0,0,-4.62,-22.89,15.07,N/A,N/A
17:25:54.186,N/A,0,0,0,-4.52,-24.15,14.97,N/A,N/A
17:25:54.204,N/A,0,0,0,-4.38,-25.00,14.92,N/A,N/A
17:25:54.207,N/A,0,0,0,-4.30,-25.92,14.95,N/A,N/A
17:25:54.225,N/A,0,0,0,-4.44,-27.77,15.15,N/A,N/A
17:25:54.229,N/A,0,0,0,-4.51,-28.21,15.23,N/A,N/A
17:25:54.242,N/A,0,0,0,-4.58,-28.64,15.31,N/A,N/A
17:25:54.250,N/A,0,0,0,-4.74,-29.81,15.50,N/A,N/A
17:25:54.264,N/A,0,0,0,-4.50,-30.76,15.42,N/A,N/A
17:25:54.285,N/A,0,0,0,-3.95,-31.58,15.18,N/A,N/A
17:25:54.290,N/A,0,0,0,-3.80,-31.76,15.10,N/A,N/A
17:25:54.310,N/A,0,0,0,-3.08,-32.56,14.73,N/A,N/A
17:25:54.326,N/A,0,0,0,-2.59,-33.21,14.51,N/A,N/A
17:25:54.330,N/A,0,0,0,-2.45,-33.44,14.46,N/A,N/A
17:25:54.349,N/A,0,0,0,-2.03,-33.97,14.25,N/A,N/A
17:25:54.354,N/A,0,0,0,-1.91,-34.13,14.19,N/A,N/A
17:25:54.365,N/A,0,0,0,-1.35,-34.55,13.70,N/A,N/A
17:25:54.370,N/A,0,0,0,-1.07,-34.62,13.45,N/A,N/A
17:25:54.386,N/A,0,0,0,0.01,-34.56,12.55,N/A,N/A
17:25:54.396,N/A,0,0,0,0.77,-34.38,11.91,N/A,N/A
17:25:54.406,N/A,0,0,0,1.52,-34.12,11.28,N/A,N/A
17:25:54.412,N/A,0,0,0,2.40,-33.78,10.53,N/A,N/A
17:25:54.425,N/A,0,0,0,3.53,-33.29,9.57,N/A,N/A
17:25:54.434,N/A,0,0,0,4.82,-32.57,8.52,N/A,N/A
17:25:54.445,N/A,0,0,0,6.00,-31.63,7.70,N/A,N/A
17:25:54.455,N/A,0,0,0,6.85,-30.53,7.27,N/A,N/A
17:25:54.465,N/A,0,0,0,7.33,-29.30,7.15,N/A,N/A
17:25:54.473,N/A,0,0,0,7.66,-27.90,7.12,N/A,N/A
17:25:54.487,N/A,0,0,0,7.98,-26.33,7.04,N/A,N/A
17:25:54.491,N/A,0,0,0,8.13,-25.47,7.01,N/A,N/A
17:25:54.503,N/A,0,0,0,8.52,-23.63,6.93,N/A,N/A
17:25:54.511,N/A,0,0,0,9.01,-21.69,6.88,N/A,N/A
17:25:54.532,N/A,0,0,0,10.03,-17.99,6.77,N/A,N/A
17:25:54.547,N/A,0,0,0,10.91,-15.48,6.68,N/A,N/A
17:25:54.553,N/A,0,0,0,11.62,-13.91,6.68,N/A,N/A
17:25:54.563,N/A,0,0,0,12.43,-12.41,6.73,N/A,N/A
17:25:54.573,N/A,0,0,0,13.30,-11.06,6.77,N/A,N/A
17:25:54.591,N/A,0,0,0,14.49,-9.43,6.73,N/A,N/A
17:25:54.596,N/A,0,0,0,14.80,-9.02,6.71,N/A,N/A
17:25:54.604,N/A,0,0,0,15.21,-8.38,6.70,N/A,N/A
17:25:54.613,N/A,0,0,0,15.41,-7.91,6.71,N/A,N/A
17:25:54.627,N/A,0,0,0,15.59,-7.61,6.73,N/A,N/A
17:25:54.634,N/A,0,0,0,15.77,-7.45,6.80,N/A,N/A
17:25:54.652,N/A,0,0,0,16.08,-7.36,6.90,N/A,N/A
17:25:54.662,N/A,0,0,0,16.45,-7.36,6.93,N/A,N/A
17:25:54.673,N/A,0,0,0,16.73,-7.31,6.91,N/A,N/A
17:25:54.683,N/A,0,0,0,17.09,-7.21,6.87,N/A,N/A
17:25:54.691,N/A,0,0,0,17.28,-7.16,6.85,N/A,N/A
17:25:54.704,N/A,0,0,0,17.91,-7.00,6.82,N/A,N/A
17:25:54.712,N/A,0,0,0,18.12,-6.96,6.82,N/A,N/A
17:25:54.730,N/A,0,0,0,18.76,-6.77,6.76,N/A,N/A
17:25:54.746,N/A,0,0,0,19.64,-6.17,6.76,N/A,N/A
17:25:54.754,N/A,0,0,0,20.06,-5.79,6.80,N/A,N/A
17:25:54.767,N/A,0,0,0,20.42,-5.45,6.84,N/A,N/A
17:25:54.773,N/A,0,0,0,20.83,-5.17,6.84,N/A,N/A
17:25:54.792,N/A,0,0,0,21.54,-4.77,6.76,N/A,N/A
17:25:54.803,N/A,0,0,0,22.17,-4.34,6.68,N/A,N/A
17:25:54.813,N/A,0,0,0,22.53,-4.16,6.59,N/A,N/A
17:25:54.825,N/A,0,0,0,22.92,-4.09,6.46,N/A,N/A
17:25:54.833,N/A,0,0,0,23.34,-4.03,6.27,N/A,N/A
17:25:54.849,N/A,0,0,0,23.77,-3.97,6.07,N/A,N/A
17:25:54.855,N/A,0,0,0,23.97,-3.93,5.99,N/A,N/A
17:25:54.864,N/A,0,0,0,24.47,-3.83,5.84,N/A,N/A
17:25:54.872,N/A,0,0,0,24.60,-3.82,5.81,N/A,N/A
17:25:54.886,N/A,0,0,0,24.89,-3.80,5.70,N/A,N/A
17:25:54.891,N/A,0,0,0,24.98,-3.80,5.65,N/A,N/A
17:25:54.904,N/A,0,0,0,25.43,-3.87,5.51,N/A,N/A
17:25:54.913,N/A,0,0,0,25.91,-3.87,5.45,N/A,N/A
17:25:54.924,N/A,0,0,0,26.44,-3.81,5.39,N/A,N/A
17:25:54.934,N/A,0,0,0,26.92,-3.71,5.29,N/A,N/A
17:25:54.947,N/A,0,0,0,27.30,-3.64,5.19,N/A,N/A
17:25:54.957,N/A,0,0,0,27.59,-3.62,5.10,N/A,N/A
17:25:54.963,N/A,0,0,0,27.82,-3.62,5.03,N/A,N/A
17:25:54.973,N/A,0,0,0,28.01,-3.64,4.98,N/A,N/A
17:25:54.984,N/A,0,0,0,28.20,-3.67,4.94,N/A,N/A
17:25:54.994,N/A,0,0,0,28.38,-3.71,4.87,N/A,N/A
17:25:55.003,N/A,0,0,0,28.54,-3.74,4.79,N/A,N/A
17:25:55.012,N/A,0,0,0,28.72,-3.73,4.74,N/A,N/A
17:25:55.030,N/A,0,0,0,28.87,-3.72,4.71,N/A,N/A
17:25:55.042,N/A,0,0,0,29.08,-3.79,4.65,N/A,N/A
17:25:55.058,N/A,0,0,0,29.14,-3.88,4.60,N/A,N/A
17:25:55.064,N/A,0,0,0,29.16,-3.94,4.56,N/A,N/A
17:25:55.074,N/A,0,0,0,29.15,-4.01,4.52,N/A,N/A
17:25:55.084,N/A,0,0,0,29.12,-4.10,4.47,N/A,N/A
17:25:55.093,N/A,0,0,0,29.08,-4.20,4.42,N/A,N/A
17:25:55.106,N/A,0,0,0,29.02,-4.25,4.38,N/A,N/A
17:25:55.113,N/A,0,0,0,28.94,-4.27,4.34,N/A,N/A
17:25:55.125,N/A,0,0,0,28.84,-4.30,4.30,N/A,N/A
17:25:55.132,N/A,0,0,0,28.65,-4.34,4.26,N/A,N/A
17:25:55.147,N/A,0,0,0,28.31,-4.38,4.21,N/A,N/A
17:25:55.163,N/A,0,0,0,26.96,-4.39,4.07,N/A,N/A
17:25:55.173,N/A,0,0,0,25.90,-4.38,3.94,N/A,N/A
17:25:55.185,N/A,0,0,0,24.55,-4.37,3.77,N/A,N/A
17:25:55.194,N/A,0,0,0,23.02,-4.37,3.53,N/A,N/A
17:25:55.204,N/A,0,0,0,21.31,-4.37,3.32,N/A,N/A
17:25:55.213,N/A,0,0,0,19.40,-4.36,3.20,N/A,N/A
17:25:55.225,N/A,0,0,0,17.42,-4.37,3.22,N/A,N/A
17:25:55.241,N/A,0,0,0,13.39,-4.71,-104.13,N/A,N/A
17:25:55.255,N/A,0,0,0,11.85,-5.03,-104.18,N/A,N/A
17:25:55.265,N/A,0,0,0,10.59,-5.40,-104.19,N/A,N/A
17:25:55.273,N/A,0,0,0,9.42,-5.76,-104.16,N/A,N/A
17:25:55.290,N/A,0,0,0,7.62,-6.31,-104.10,N/A,N/A
17:25:55.295,N/A,0,0,0,6.99,-6.47,-104.07,N/A,N/A
17:25:55.303,N/A,0,0,0,5.66,-6.71,-104.01,N/A,N/A
17:25:55.313,N/A,0,0,0,4.26,-6.92,-103.94,N/A,N/A
17:25:55.321,N/A,0,0,0,2.79,-7.19,-103.89,N/A,N/A
17:25:55.336,N/A,0,0,0,1.19,-7.51,-103.85,N/A,N/A
17:25:55.347,N/A,0,0,0,-0.39,-7.87,-103.86,N/A,N/A
17:25:55.353,N/A,0,0,0,-1.72,-8.21,-103.88,N/A,N/A
17:25:55.366,N/A,0,0,0,-2.82,-8.46,-103.76,N/A,N/A
17:25:55.375,N/A,0,0,0,-3.58,-8.60,-103.60,N/A,N/A
17:25:55.384,N/A,0,0,0,-4.24,-8.58,-103.44,N/A,N/A
17:25:55.395,N/A,0,0,0,-5.02,-8.51,-103.26,N/A,N/A
17:25:55.402,N/A,0,0,0,-5.97,-8.47,-103.05,N/A,N/A
17:25:55.412,N/A,0,0,0,-7.03,-8.46,-102.81,N/A,N/A
17:25:55.424,N/A,0,0,0,-8.20,-8.50,-102.58,N/A,N/A
17:25:55.435,N/A,0,0,0,-9.40,-8.56,-102.43,N/A,N/A
17:25:55.446,N/A,0,0,0,-10.51,-8.54,-102.35,N/A,N/A
17:25:55.453,N/A,0,0,0,-11.49,-8.43,-102.34,N/A,N/A
17:25:55.465,N/A,0,0,0,-12.37,-8.24,-102.35,N/A,N/A
17:25:55.476,N/A,0,0,0,-13.20,-7.98,-102.38,N/A,N/A
17:25:55.485,N/A,0,0,0,-14.00,-7.65,-102.38,N/A,N/A
17:25:55.494,N/A,0,0,0,-14.75,-7.22,-102.35,N/A,N/A
17:25:55.501,N/A,0,0,0,-15.49,-6.62,-102.31,N/A,N/A
17:25:55.516,N/A,0,0,0,-16.26,-5.95,-102.29,N/A,N/A
17:25:55.527,N/A,0,0,0,-17.09,-5.30,-102.26,N/A,N/A
17:25:55.536,N/A,0,0,0,-17.87,-4.72,-102.26,N/A,N/A
17:25:55.546,N/A,0,0,0,-18.68,-4.26,-102.30,N/A,N/A
17:25:55.553,N/A,0,0,0,-19.61,-3.93,-102.37,N/A,N/A
17:25:55.563,N/A,0,0,0,-20.56,-3.65,-102.47,N/A,N/A
17:25:55.573,N/A,0,0,0,-21.35,-3.35,-102.58,N/A,N/A
17:25:55.583,N/A,0,0,0,-22.05,-3.05,-102.66,N/A,N/A
17:25:55.595,N/A,0,0,0,-22.73,-2.82,-102.67,N/A,N/A
17:25:55.603,N/A,0,0,0,-23.38,-2.60,-102.65,N/A,N/A
17:25:55.621,N/A,0,0,0,-24.18,-2.17,-102.59,N/A,N/A
17:25:55.632,N/A,0,0,0,-24.63,-1.91,-102.53,N/A,N/A
17:25:55.647,N/A,0,0,0,-25.19,-1.69,-102.43,N/A,N/A
17:25:55.654,N/A,0,0,0,-25.56,-1.61,-102.38,N/A,N/A
17:25:55.662,N/A,0,0,0,-25.97,-1.59,-102.35,N/A,N/A
17:25:55.673,N/A,0,0,0,-26.39,-1.61,-102.35,N/A,N/A
17:25:55.683,N/A,0,0,0,-26.85,-1.60,-102.33,N/A,N/A
17:25:55.693,N/A,0,0,0,-27.38,-1.54,-102.29,N/A,N/A
17:25:55.700,N/A,0,0,0,-27.66,-1.51,-102.26,N/A,N/A
17:25:55.713,N/A,0,0,0,-28.47,-1.32,-102.10,N/A,N/A
17:25:55.723,N/A,0,0,0,-28.95,-1.13,-101.95,N/A,N/A
17:25:55.733,N/A,0,0,0,-29.39,-0.95,-101.81,N/A,N/A
17:25:55.746,N/A,0,0,0,-29.78,-0.76,-101.70,N/A,N/A
17:25:55.753,N/A,0,0,0,-29.95,-0.67,-101.64,N/A,N/A
17:25:55.771,N/A,0,0,0,-30.55,-0.48,-101.43,N/A,N/A
17:25:55.781,N/A,0,0,0,-30.89,-0.46,-101.28,N/A,N/A
17:25:55.794,N/A,0,0,0,-31.00,-0.45,-101.24,N/A,N/A
17:25:55.803,N/A,0,0,0,-31.40,-0.44,-101.10,N/A,N/A
17:25:55.813,N/A,0,0,0,-31.76,-0.41,-100.97,N/A,N/A
17:25:55.824,N/A,0,0,0,-32.21,-0.36,-100.83,N/A,N/A
17:25:55.834,N/A,0,0,0,-32.66,-0.26,-100.69,N/A,N/A
17:25:55.848,N/A,0,0,0,-33.06,-0.12,-100.58,N/A,N/A
17:25:55.854,N/A,0,0,0,-33.42,-0.00,-100.49,N/A,N/A
17:25:55.862,N/A,0,0,0,-33.67,0.06,-100.42,N/A,N/A
17:25:55.872,N/A,0,0,0,-33.81,0.07,-100.38,N/A,N/A
17:25:55.881,N/A,0,0,0,-33.91,0.06,-100.33,N/A,N/A
17:25:55.895,N/A,0,0,0,-34.00,0.02,-100.26,N/A,N/A
17:25:55.903,N/A,0,0,0,-34.10,-0.03,-100.19,N/A,N/A
17:25:55.914,N/A,0,0,0,-34.20,-0.03,-100.14,N/A,N/A
17:25:55.924,N/A,0,0,0,-34.32,-0.00,-100.10,N/A,N/A
17:25:55.931,N/A,0,0,0,-34.38,0.02,-100.08,N/A,N/A
17:25:55.943,N/A,0,0,0,-34.58,0.08,-100.02,N/A,N/A
17:25:55.955,N/A,0,0,0,-34.66,0.11,-100.00,N/A,N/A
17:25:55.964,N/A,0,0,0,-34.92,0.25,-99.95,N/A,N/A
17:25:55.985,N/A,0,0,0,-35.36,0.39,-99.92,N/A,N/A
17:25:56.001,N/A,0,0,0,-35.60,0.43,-99.89,N/A,N/A
17:25:56.006,N/A,0,0,0,-35.85,0.45,-99.86,N/A,N/A
17:25:56.025,N/A,0,0,0,-36.26,0.45,-99.82,N/A,N/A
17:25:56.041,N/A,0,0,0,-36.54,0.55,-99.83,N/A,N/A
17:25:56.054,N/A,0,0,0,-36.64,0.61,-99.83,N/A,N/A
17:25:56.065,N/A,0,0,0,-36.72,0.69,-99.86,N/A,N/A
17:25:56.073,N/A,0,0,0,-36.75,0.78,-99.93,N/A,N/A
17:25:56.084,N/A,0,0,0,-36.72,0.93,-100.04,N/A,N/A
17:25:56.092,N/A,0,0,0,-36.60,1.18,-100.19,N/A,N/A
17:25:56.101,N/A,0,0,0,-36.36,1.51,-100.37,N/A,N/A
17:25:56.113,N/A,0,0,0,-35.99,1.87,-100.57,N/A,N/A
17:25:56.123,N/A,0,0,0,-35.47,2.31,-100.79,N/A,N/A
17:25:56.134,N/A,0,0,0,-34.78,2.88,-101.03,N/A,N/A
17:25:56.143,N/A,0,0,0,-33.93,3.55,-101.32,N/A,N/A
17:25:56.156,N/A,0,0,0,-32.85,4.36,-101.66,N/A,N/A
17:25:56.163,N/A,0,0,0,-31.56,5.34,-101.96,N/A,N/A
17:25:56.173,N/A,0,0,0,-30.23,6.50,-102.15,N/A,N/A
17:25:56.181,N/A,0,0,0,-28.85,7.75,-102.23,N/A,N/A
17:25:56.201,N/A,0,0,0,-27.58,8.96,-102.22,N/A,N/A
17:25:56.204,N/A,0,0,0,-26.51,10.07,-102.13,N/A,N/A
17:25:56.220,N/A,0,0,0,-25.09,11.54,-101.99,N/A,N/A
17:25:56.225,N/A,0,0,0,-24.59,12.03,-101.94,N/A,N/A
17:25:56.233,N/A,0,0,0,-23.46,13.07,-101.81,N/A,N/A
17:25:56.246,N/A,0,0,0,-22.15,14.27,-101.67,N/A,N/A
17:25:56.253,N/A,0,0,0,-20.71,15.58,-101.54,N/A,N/A
17:25:56.263,N/A,0,0,0,-19.18,16.90,-101.38,N/A,N/A
17:25:56.273,N/A,0,0,0,-17.49,18.16,-101.17,N/A,N/A
17:25:56.285,N/A,0,0,0,-15.72,19.43,-100.85,N/A,N/A
17:25:56.294,N/A,0,0,0,-14.20,20.64,-100.45,N/A,N/A
17:25:56.301,N/A,0,0,0,-12.98,21.73,-100.06,N/A,N/A
17:25:56.311,N/A,0,0,0,-12.20,22.62,-99.75,N/A,N/A
17:25:56.328,N/A,0,0,0,-11.93,23.31,-99.61,N/A,N/A
17:25:56.335,N/A,0,0,0,-11.83,23.87,-99.54,N/A,N/A
17:25:56.349,N/A,0,0,0,-11.46,24.85,-99.32,N/A,N/A
17:25:56.354,N/A,0,0,0,-11.25,25.26,-99.23,N/A,N/A
17:25:56.363,N/A,0,0,0,-10.81,26.12,-99.07,N/A,N/A
17:25:56.373,N/A,0,0,0,-10.26,26.94,-98.93,N/A,N/A
17:25:56.381,N/A,0,0,0,-9.69,27.68,-98.81,N/A,N/A
17:25:56.393,N/A,0,0,0,-9.20,28.28,-98.73,N/A,N/A
17:25:56.401,N/A,0,0,0,-8.94,28.69,-98.69,N/A,N/A
17:25:56.414,N/A,0,0,0,-8.94,29.05,-98.72,N/A,N/A
17:25:56.433,N/A,0,0,0,-9.34,30.00,-98.78,N/A,N/A
17:25:56.442,N/A,0,0,0,-9.61,30.50,-98.79,N/A,N/A
17:25:56.454,N/A,0,0,0,-9.87,30.95,-98.82,N/A,N/A
17:25:56.464,N/A,0,0,0,-10.10,31.37,-98.88,N/A,N/A
17:25:56.473,N/A,0,0,0,-10.28,31.77,-98.95,N/A,N/A
17:25:56.487,N/A,0,0,0,-10.38,32.11,-99.01,N/A,N/A
17:25:56.492,N/A,0,0,0,-10.42,32.37,-99.09,N/A,N/A
17:25:56.502,N/A,0,0,0,-10.36,32.63,-99.14,N/A,N/A
17:25:56.511,N/A,0,0,0,-10.29,32.85,-99.12,N/A,N/A
17:25:56.523,N/A,0,0,0,-10.25,33.03,-99.05,N/A,N/A
17:25:56.531,N/A,0,0,0,-10.23,33.19,-98.98,N/A,N/A
17:25:56.545,N/A,0,0,0,-10.21,33.41,-98.92,N/A,N/A
17:25:56.554,N/A,0,0,0,-10.20,33.69,-98.89,N/A,N/A
17:25:56.566,N/A,0,0,0,-10.18,34.02,-98.88,N/A,N/A
17:25:56.570,N/A,0,0,0,-10.15,34.36,-98.84,N/A,N/A
17:25:56.589,N/A,0,0,0,-10.13,34.84,-98.68,N/A,N/A
17:25:56.599,N/A,0,0,0,-10.12,35.11,-98.54,N/A,N/A
17:25:56.604,N/A,0,0,0,-10.11,35.23,-98.47,N/A,N/A
17:25:56.612,N/A,0,0,0,-10.09,35.49,-98.34,N/A,N/A
17:25:56.628,N/A,0,0,0,-10.01,35.90,-98.12,N/A,N/A
17:25:56.636,N/A,0,0,0,-9.92,36.12,-97.90,N/A,N/A
17:25:56.664,N/A,0,0,0,-9.67,36.55,-97.21,N/A,N/A
17:25:56.671,N/A,0,0,0,-9.59,36.67,-96.90,N/A,N/A
17:25:56.684,N/A,0,0,0,-9.54,36.77,-96.62,N/A,N/A
17:25:56.694,N/A,0,0,0,-9.51,36.87,-96.40,N/A,N/A
17:25:56.705,N/A,0,0,0,-9.47,37.02,-96.23,N/A,N/A
17:25:56.711,N/A,0,0,0,-9.41,37.26,-96.11,N/A,N/A
17:25:56.725,N/A,0,0,0,-9.33,37.56,-96.05,N/A,N/A
17:25:56.747,N/A,0,0,0,-9.23,38.06,-95.81,N/A,N/A
17:25:56.753,N/A,0,0,0,-9.21,38.24,-95.62,N/A,N/A
17:25:56.770,N/A,0,0,0,-9.12,38.48,-95.16,N/A,N/A
17:25:56.785,N/A,0,0,0,-9.07,38.54,-94.91,N/A,N/A
17:25:56.790,N/A,0,0,0,-9.05,38.60,-94.65,N/A,N/A
17:25:56.806,N/A,0,0,0,-9.05,38.65,-94.40,N/A,N/A
17:25:56.817,N/A,0,0,0,-9.08,38.74,-94.02,N/A,N/A
17:25:56.826,N/A,0,0,0,-9.09,38.79,-93.90,N/A,N/A
17:25:56.833,N/A,0,0,0,-9.11,38.87,-93.66,N/A,N/A
17:25:56.853,N/A,0,0,0,-9.06,39.02,-93.19,N/A,N/A
17:25:56.866,N/A,0,0,0,-8.99,39.13,-92.93,N/A,N/A
17:25:56.871,N/A,0,0,0,-8.93,39.22,-92.66,N/A,N/A
17:25:56.883,N/A,0,0,0,-8.89,39.31,-92.36,N/A,N/A
17:25:56.892,N/A,0,0,0,-8.88,39.42,-92.06,N/A,N/A
17:25:56.910,N/A,0,0,0,-8.83,39.66,-91.63,N/A,N/A
17:25:56.915,N/A,0,0,0,-8.79,39.85,-91.35,N/A,N/A
17:25:56.933,N/A,0,0,0,-8.74,40.11,-90.90,N/A,N/A
17:25:56.946,N/A,0,0,0,-8.71,40.27,-90.59,N/A,N/A
17:25:56.965,N/A,0,0,0,-8.68,40.52,-90.01,N/A,N/A
17:25:56.972,N/A,0,0,0,-8.66,40.60,-89.71,N/A,N/A
17:25:56.993,N/A,0,0,0,-8.57,40.76,-89.18,N/A,N/A
17:25:57.005,N/A,0,0,0,-8.53,40.82,-88.93,N/A,N/A
17:25:57.013,N/A,0,0,0,-8.51,40.85,-88.67,N/A,N/A
17:25:57.025,N/A,0,0,0,-8.53,40.84,-88.43,N/A,N/A
17:25:57.036,N/A,0,0,0,-8.60,40.77,-88.04,N/A,N/A
17:25:57.056,N/A,0,0,0,-8.67,40.67,-87.71,N/A,N/A
17:25:57.064,N/A,0,0,0,-8.71,40.53,-87.49,N/A,N/A
17:25:57.077,N/A,0,0,0,-8.74,40.34,-87.27,N/A,N/A
17:25:57.093,N/A,0,0,0,-8.76,39.71,-86.76,N/A,N/A
17:25:57.109,N/A,0,0,0,-8.75,38.91,-86.32,N/A,N/A
17:25:57.114,N/A,0,0,0,-8.74,38.57,-86.15,N/A,N/A
17:25:57.127,N/A,0,0,0,-8.70,37.75,-85.76,N/A,N/A
17:25:57.134,N/A,0,0,0,-8.62,36.74,-85.34,N/A,N/A
17:25:57.142,N/A,0,0,0,-8.58,35.62,-84.92,N/A,N/A
17:25:57.161,N/A,0,0,0,-8.55,33.75,-84.50,N/A,N/A
17:25:57.174,N/A,0,0,0,-8.60,33.14,-84.44,N/A,N/A
17:25:57.188,N/A,0,0,0,-8.74,32.21,-84.28,N/A,N/A
17:25:57.197,N/A,0,0,0,-8.88,31.36,-84.13,N/A,N/A
17:25:57.214,N/A,0,0,0,-9.17,29.40,-84.16,N/A,N/A
17:25:57.222,N/A,0,0,0,-9.37,27.55,-84.25,N/A,N/A
17:25:57.233,N/A,0,0,0,-9.51,25.16,-84.37,N/A,N/A
17:25:57.245,N/A,0,0,0,-9.55,22.35,-84.50,N/A,N/A
17:25:57.260,N/A,0,0,0,-9.49,16.15,-84.41,N/A,N/A
17:25:57.276,N/A,0,0,0,-9.49,11.80,-83.90,N/A,N/A
17:25:57.292,N/A,0,0,0,-9.50,7.95,-83.34,N/A,N/A
17:25:57.302,N/A,0,0,0,-9.50,5.67,-83.06,N/A,N/A
17:25:57.313,N/A,0,0,0,-9.51,3.62,-82.78,N/A,N/A
17:25:57.333,N/A,0,0,0,-9.71,0.20,-82.24,N/A,N/A
17:25:57.336,N/A,0,0,0,-9.78,-0.56,-82.14,N/A,N/A
17:25:57.356,N/A,0,0,0,-9.90,-2.71,-81.94,N/A,N/A
17:25:57.361,N/A,0,0,0,-9.89,-3.40,-81.91,N/A,N/A
17:25:57.371,N/A,0,0,0,-9.72,-5.48,-81.76,N/A,N/A
17:25:57.385,N/A,0,0,0,-9.55,-6.88,-81.60,N/A,N/A
17:25:57.405,N/A,0,0,0,-9.31,-9.38,-81.43,N/A,N/A
17:25:57.412,N/A,0,0,0,-9.18,-10.18,-81.42,N/A,N/A
17:25:57.432,N/A,0,0,0,-8.97,-11.12,-81.42,N/A,N/A
17:25:57.440,N/A,0,0,0,-8.92,-11.51,-81.42,N/A,N/A
17:25:57.458,N/A,0,0,0,-9.00,-12.17,-81.36,N/A,N/A
17:25:57.473,N/A,0,0,0,-9.18,-12.82,-81.20,N/A,N/A
17:25:57.482,N/A,0,0,0,-9.30,-13.15,-81.06,N/A,N/A
17:25:57.495,N/A,0,0,0,-9.50,-13.45,-80.78,N/A,N/A
17:25:57.500,N/A,0,0,0,-9.57,-13.51,-80.69,N/A,N/A
17:25:57.512,N/A,0,0,0,-9.70,-13.56,-80.54,N/A,N/A
17:25:57.520,N/A,0,0,0,-9.78,-13.51,-80.44,N/A,N/A
17:25:57.537,N/A,0,0,0,-9.68,-13.31,-80.30,N/A,N/A
17:25:57.557,N/A,0,0,0,-9.32,-13.06,-80.17,N/A,N/A
17:25:57.570,N/A,0,0,0,-9.08,-12.99,-80.14,N/A,N/A
17:25:57.577,N/A,0,0,0,-9.02,-12.98,-80.13,N/A,N/A
17:25:57.591,N/A,0,0,0,-8.95,-12.99,-80.11,N/A,N/A
17:25:57.601,N/A,0,0,0,-8.89,-12.99,-80.07,N/A,N/A
17:25:57.612,N/A,0,0,0,-8.86,-13.00,-80.04,N/A,N/A
17:25:57.621,N/A,0,0,0,-8.84,-13.02,-80.02,N/A,N/A
17:25:57.633,N/A,0,0,0,-8.83,-13.04,-80.03,N/A,N/A
17:25:57.637,N/A,0,0,0,-8.83,-13.04,-80.06,N/A,N/A
17:25:57.661,N/A,0,0,0,-8.79,-12.98,-80.16,N/A,N/A
17:25:57.665,N/A,0,0,0,-8.73,-12.89,-80.22,N/A,N/A
17:25:57.669,N/A,0,0,0,-8.68,-12.83,-80.25,N/A,N/A
17:25:57.681,N/A,0,0,0,-8.52,-12.61,-80.31,N/A,N/A
17:25:57.695,N/A,0,0,0,-8.40,-12.46,-80.36,N/A,N/A
17:25:57.698,N/A,0,0,0,-8.34,-12.40,-80.39,N/A,N/A
17:25:57.713,N/A,0,0,0,-8.18,-12.22,-80.52,N/A,N/A
17:25:57.718,N/A,0,0,0,-8.13,-12.16,-80.56,N/A,N/A
17:25:57.732,N/A,0,0,0,-8.00,-11.95,-80.69,N/A,N/A
17:25:57.757,N/A,0,0,0,-7.88,-11.73,-80.84,N/A,N/A
17:25:57.763,N/A,0,0,0,-7.83,-11.68,-80.95,N/A,N/A
17:25:57.773,N/A,0,0,0,-7.79,-11.65,-81.08,N/A,N/A
17:25:57.781,N/A,0,0,0,-7.77,-11.61,-81.22,N/A,N/A
17:25:57.794,N/A,0,0,0,-7.76,-11.56,-81.37,N/A,N/A
17:25:57.800,N/A,0,0,0,-7.76,-11.49,-81.52,N/A,N/A
17:25:57.812,N/A,0,0,0,-7.76,-11.41,-81.68,N/A,N/A
17:25:57.823,N/A,0,0,0,-7.75,-11.33,-81.84,N/A,N/A
17:25:57.832,N/A,0,0,0,-7.73,-11.25,-82.00,N/A,N/A
17:25:57.845,N/A,0,0,0,-7.69,-11.18,-82.15,N/A,N/A
17:25:57.861,N/A,0,0,0,-7.57,-11.03,-82.48,N/A,N/A
17:25:57.875,N/A,0,0,0,-7.47,-10.92,-82.75,N/A,N/A
17:25:57.894,N/A,0,0,0,-7.37,-10.80,-83.00,N/A,N/A
17:25:57.897,N/A,0,0,0,-7.34,-10.76,-83.08,N/A,N/A
17:25:57.911,N/A,0,0,0,-7.24,-10.66,-83.31,N/A,N/A
17:25:57.930,N/A,0,0,0,-7.16,-10.58,-83.64,N/A,N/A
17:25:57.936,N/A,0,0,0,-7.14,-10.56,-83.74,N/A,N/A
17:25:57.953,N/A,0,0,0,-7.11,-10.53,-83.93,N/A,N/A
17:25:57.958,N/A,0,0,0,-7.07,-10.50,-84.12,N/A,N/A
17:25:57.970,N/A,0,0,0,-7.04,-10.47,-84.31,N/A,N/A
17:25:57.977,N/A,0,0,0,-7.01,-10.43,-84.49,N/A,N/A
17:25:57.992,N/A,0,0,0,-6.96,-10.38,-84.75,N/A,N/A
17:25:58.005,N/A,0,0,0,-6.93,-10.35,-84.94,N/A,N/A
17:25:58.019,N/A,0,0,0,-6.93,-10.34,-85.19,N/A,N/A
17:25:58.031,N/A,0,0,0,-6.94,-10.35,-85.37,N/A,N/A
17:25:58.037,N/A,0,0,0,-6.93,-10.36,-85.55,N/A,N/A
17:25:58.055,N/A,0,0,0,-6.92,-10.43,-85.79,N/A,N/A
17:25:58.059,N/A,0,0,0,-6.95,-10.55,-85.96,N/A,N/A
17:25:58.073,N/A,0,0,0,-7.02,-10.78,-86.13,N/A,N/A
17:25:58.077,N/A,0,0,0,-7.07,-10.94,-86.22,N/A,N/A
17:25:58.094,N/A,0,0,0,-7.24,-11.45,-86.47,N/A,N/A
17:25:58.100,N/A,0,0,0,-7.35,-11.75,-86.65,N/A,N/A
17:25:58.112,N/A,0,0,0,-7.43,-12.00,-86.82,N/A,N/A
17:25:58.122,N/A,0,0,0,-7.50,-12.23,-86.97,N/A,N/A
17:25:58.133,N/A,0,0,0,-7.54,-12.52,-87.10,N/A,N/A
17:25:58.140,N/A,0,0,0,-7.60,-12.97,-87.24,N/A,N/A
17:25:58.160,N/A,0,0,0,-7.65,-14.08,-87.51,N/A,N/A
17:25:58.165,N/A,0,0,0,-7.65,-14.61,-87.61,N/A,N/A
17:25:58.171,N/A,0,0,0,-7.70,-15.95,-87.85,N/A,N/A
17:25:58.180,N/A,0,0,0,-7.82,-17.62,-88.14,N/A,N/A
17:25:58.196,N/A,0,0,0,-8.09,-20.49,-88.53,N/A,N/A
17:25:58.212,N/A,0,0,0,-8.39,-23.41,-88.72,N/A,N/A
17:25:58.232,N/A,0,0,0,-8.56,-26.71,-88.66,N/A,N/A
17:25:58.240,N/A,0,0,0,-8.59,-28.20,-88.52,N/A,N/A
17:25:58.255,N/A,0,0,0,-8.56,-30.42,-88.25,N/A,N/A
17:25:58.261,N/A,0,0,0,-8.52,-31.17,-88.15,N/A,N/A
17:25:58.273,N/A,0,0,0,-8.40,-32.58,-87.93,N/A,N/A
17:25:58.281,N/A,0,0,0,-8.20,-33.84,-87.76,N/A,N/A
17:25:58.295,N/A,0,0,0,-7.67,-35.31,-87.66,N/A,N/A
17:25:58.309,N/A,0,0,0,-7.17,-36.81,-87.64,N/A,N/A
17:25:58.316,N/A,0,0,0,-7.13,-37.37,-87.61,N/A,N/A
17:25:58.328,N/A,0,0,0,-7.03,-38.49,-87.63,N/A,N/A
17:25:58.338,N/A,0,0,0,-6.51,-39.81,-87.77,N/A,N/A
17:25:58.357,N/A,0,0,0,-5.80,-40.10,-88.03,N/A,N/A
17:25:58.375,N/A,0,0,0,-4.80,-39.70,-88.45,N/A,N/A
17:25:58.391,N/A,0,0,0,-4.07,-39.86,-88.88,N/A,N/A
17:25:58.401,N/A,0,0,0,-3.59,-40.21,-89.21,N/A,N/A
17:25:58.409,N/A,0,0,0,-3.28,-40.84,-89.50,N/A,N/A
17:25:58.416,N/A,0,0,0,-3.23,-41.24,-89.61,N/A,N/A
17:25:58.429,N/A,0,0,0,-3.43,-42.74,-89.90,N/A,N/A
17:25:58.438,N/A,0,0,0,-3.65,-43.77,-90.03,N/A,N/A
17:25:58.454,N/A,0,0,0,-3.82,-44.58,-90.12,N/A,N/A
17:25:58.470,N/A,0,0,0,-3.70,-45.32,-90.22,N/A,N/A
17:25:58.479,N/A,0,0,0,-3.55,-45.53,-90.22,N/A,N/A
17:25:58.494,N/A,0,0,0,-3.48,-45.81,-90.20,N/A,N/A
17:25:58.500,N/A,0,0,0,-3.45,-46.08,-90.18,N/A,N/A
17:25:58.517,N/A,0,0,0,-3.33,-46.42,-90.28,N/A,N/A
17:25:58.533,N/A,0,0,0,-3.24,-46.70,-90.50,N/A,N/A
17:25:58.537,N/A,0,0,0,-3.23,-46.78,-90.58,N/A,N/A
17:25:58.556,N/A,0,0,0,-3.17,-46.99,-90.89,N/A,N/A
17:25:58.572,N/A,0,0,0,-3.01,-47.09,-91.13,N/A,N/A
17:25:58.578,N/A,0,0,0,-2.92,-47.18,-91.29,N/A,N/A
17:25:58.590,N/A,0,0,0,-2.89,-47.23,-91.37,N/A,N/A
17:25:58.597,N/A,0,0,0,-2.87,-47.32,-91.47,N/A,N/A
17:25:58.610,N/A,0,0,0,-3.00,-47.39,-91.52,N/A,N/A
17:25:58.623,N/A,0,0,0,-3.15,-47.33,-91.51,N/A,N/A
17:25:58.635,N/A,0,0,0,-3.30,-47.02,-91.54,N/A,N/A
17:25:58.641,N/A,0,0,0,-3.33,-46.84,-91.57,N/A,N/A
17:25:58.657,N/A,0,0,0,-3.42,-45.97,-91.69,N/A,N/A
17:25:58.670,N/A,0,0,0,-3.52,-44.67,-91.74,N/A,N/A
17:25:58.676,N/A,0,0,0,-3.56,-44.20,-91.77,N/A,N/A
17:25:58.693,N/A,0,0,0,-3.82,-42.63,-91.98,N/A,N/A
17:25:58.700,N/A,0,0,0,-4.17,-41.27,-92.15,N/A,N/A
17:25:58.708,N/A,0,0,0,-4.41,-40.51,-92.23,N/A,N/A
17:25:58.718,N/A,0,0,0,-4.84,-39.00,-92.40,N/A,N/A
17:25:58.733,N/A,0,0,0,-5.33,-36.77,-92.46,N/A,N/A
17:25:58.749,N/A,0,0,0,-5.72,-35.23,-92.47,N/A,N/A
17:25:58.757,N/A,0,0,0,-6.47,-32.48,-92.61,N/A,N/A
17:25:58.769,N/A,0,0,0,-7.36,-28.92,-92.86,N/A,N/A
17:25:58.778,N/A,0,0,0,-8.08,-26.11,-93.09,N/A,N/A
17:25:58.794,N/A,0,0,0,-9.14,-21.58,-93.57,N/A,N/A
17:25:58.809,N/A,0,0,0,-9.67,-18.81,-93.83,N/A,N/A
17:25:58.815,N/A,0,0,0,-10.05,-16.42,-93.96,N/A,N/A
17:25:58.831,N/A,0,0,0,-10.44,-13.68,-94.07,N/A,N/A
17:25:58.841,N/A,0,0,0,-10.68,-12.45,-94.14,N/A,N/A
17:25:58.857,N/A,0,0,0,-11.14,-11.52,-94.32,N/A,N/A
17:25:58.870,N/A,0,0,0,-11.59,-11.52,-94.45,N/A,N/A
17:25:58.875,N/A,0,0,0,-11.74,-11.61,-94.48,N/A,N/A
17:25:58.888,N/A,0,0,0,-12.04,-11.77,-94.54,N/A,N/A
17:25:58.896,N/A,0,0,0,-12.28,-11.82,-94.54,N/A,N/A
17:25:58.909,N/A,0,0,0,-12.65,-11.72,-94.53,N/A,N/A
17:25:58.921,N/A,0,0,0,-12.92,-11.58,-94.56,N/A,N/A
17:25:58.933,N/A,0,0,0,-13.34,-11.38,-94.59,N/A,N/A
17:25:58.951,N/A,0,0,0,-13.71,-11.12,-94.64,N/A,N/A
17:25:58.957,N/A,0,0,0,-13.80,-10.99,-94.69,N/A,N/A
17:25:58.974,N/A,0,0,0,-13.84,-10.30,-94.92,N/A,N/A
17:25:58.990,N/A,0,0,0,-13.68,-9.88,-95.15,N/A,N/A
17:25:58.996,N/A,0,0,0,-13.60,-9.77,-95.24,N/A,N/A
17:25:59.010,N/A,0,0,0,-13.32,-9.46,-95.51,N/A,N/A
17:25:59.018,N/A,0,0,0,-13.09,-9.15,-95.65,N/A,N/A
17:25:59.032,N/A,0,0,0,-12.88,-8.78,-95.73,N/A,N/A
17:25:59.036,N/A,0,0,0,-12.79,-8.58,-95.75,N/A,N/A
17:25:59.050,N/A,0,0,0,-12.61,-8.08,-95.80,N/A,N/A
17:25:59.057,N/A,0,0,0,-12.57,-7.95,-95.82,N/A,N/A
17:25:59.069,N/A,0,0,0,-12.50,-7.68,-95.87,N/A,N/A
17:25:59.078,N/A,0,0,0,-12.47,-7.53,-95.92,N/A,N/A
17:25:59.090,N/A,0,0,0,-12.46,-7.44,-95.95,N/A,N/A
17:25:59.095,N/A,0,0,0,-12.43,-7.27,-96.01,N/A,N/A
17:25:59.110,N/A,0,0,0,-12.40,-7.08,-96.10,N/A,N/A
17:25:59.118,N/A,0,0,0,-12.40,-6.99,-96.18,N/A,N/A
17:25:59.135,N/A,0,0,0,-12.38,-6.87,-96.27,N/A,N/A
17:25:59.143,N/A,0,0,0,-12.29,-6.66,-96.35,N/A,N/A
17:25:59.158,N/A,0,0,0,-12.02,-5.94,-96.42,N/A,N/A
17:25:59.173,N/A,0,0,0,-11.90,-5.43,-96.43,N/A,N/A
17:25:59.189,N/A,0,0,0,-11.85,-5.18,-96.43,N/A,N/A
17:25:59.195,N/A,0,0,0,-11.80,-4.99,-96.44,N/A,N/A
17:25:59.211,N/A,0,0,0,-11.73,-4.79,-96.44,N/A,N/A
17:25:59.227,N/A,0,0,0,-11.62,-4.70,-96.44,N/A,N/A
17:25:59.234,N/A,0,0,0,-11.49,-4.71,-96.46,N/A,N/A
17:25:59.251,N/A,0,0,0,-11.30,-4.78,-96.49,N/A,N/A
17:25:59.257,N/A,0,0,0,-10.78,-4.99,-96.57,N/A,N/A
17:25:59.277,N/A,0,0,0,-9.72,-5.20,-96.71,N/A,N/A
17:25:59.288,N/A,0,0,0,-7.88,-5.55,-96.90,N/A,N/A
17:25:59.296,N/A,0,0,0,-7.05,-5.75,-97.02,N/A,N/A
17:25:59.307,N/A,0,0,0,-3.85,-6.60,-97.52,N/A,N/A
17:25:59.317,N/A,0,0,0,-2.60,-6.91,-97.71,N/A,N/A
17:25:59.328,N/A,0,0,0,1.46,-7.66,-98.27,N/A,N/A
17:25:59.339,N/A,0,0,0,2.82,-7.84,-98.44,N/A,N/A
17:25:59.350,N/A,0,0,0,6.53,-8.17,-98.89,N/A,N/A
17:25:59.361,N/A,0,0,0,8.63,-8.27,-99.16,N/A,N/A
17:25:59.366,N/A,0,0,0,9.59,-8.30,-99.27,N/A,N/A
17:25:59.377,N/A,0,0,0,11.42,-8.34,-99.49,N/A,N/A
17:25:59.389,N/A,0,0,0,14.22,-8.27,-99.87,N/A,N/A
17:25:59.398,N/A,0,0,0,15.16,-8.21,-99.99,N/A,N/A
17:25:59.408,N/A,0,0,0,17.50,-7.84,-100.23,N/A,N/A
17:25:59.422,N/A,0,0,0,18.82,-7.48,-100.34,N/A,N/A
17:25:59.436,N/A,0,0,0,20.47,-6.87,-100.48,N/A,N/A
17:25:59.440,N/A,0,0,0,20.93,-6.66,-100.52,N/A,N/A
17:25:59.451,N/A,0,0,0,21.35,-6.45,-100.53,N/A,N/A
17:25:59.457,N/A,0,0,0,22.04,-6.08,-100.51,N/A,N/A
17:25:59.466,N/A,0,0,0,22.75,-5.65,-100.42,N/A,N/A
17:25:59.479,N/A,0,0,0,23.10,-5.47,-100.38,N/A,N/A
17:25:59.497,N/A,0,0,0,23.54,-5.28,-100.39,N/A,N/A
17:25:59.507,N/A,0,0,0,24.00,-5.13,-100.44,N/A,N/A
17:25:59.521,N/A,0,0,0,24.23,-5.00,-100.44,N/A,N/A
17:25:59.534,N/A,0,0,0,24.50,-4.82,-100.43,N/A,N/A
17:25:59.549,N/A,0,0,0,24.69,-4.71,-100.44,N/A,N/A
17:25:59.558,N/A,0,0,0,25.08,-4.52,-100.47,N/A,N/A
17:25:59.568,N/A,0,0,0,25.31,-4.33,-100.47,N/A,N/A
17:25:59.580,N/A,0,0,0,25.45,-4.11,-100.47,N/A,N/A
17:25:59.592,N/A,0,0,0,25.53,-3.91,-100.46,N/A,N/A
17:25:59.598,N/A,0,0,0,25.64,-3.78,-100.47,N/A,N/A
17:25:59.610,N/A,0,0,0,25.82,-3.74,-100.48,N/A,N/A
17:25:59.620,N/A,0,0,0,25.99,-3.73,-100.51,N/A,N/A
17:25:59.631,N/A,0,0,0,26.15,-3.74,-100.56,N/A,N/A
17:25:59.649,N/A,0,0,0,26.39,-3.72,-100.64,N/A,N/A
17:25:59.658,N/A,0,0,0,26.45,-3.72,-100.66,N/A,N/A
17:25:59.667,N/A,0,0,0,26.68,-3.70,-100.73,N/A,N/A
17:25:59.676,N/A,0,0,0,26.78,-3.69,-100.76,N/A,N/A
17:25:59.688,N/A,0,0,0,27.08,-3.64,-100.85,N/A,N/A
17:25:59.694,N/A,0,0,0,27.17,-3.61,-100.87,N/A,N/A
17:25:59.707,N/A,0,0,0,27.32,-3.55,-100.90,N/A,N/A
17:25:59.718,N/A,0,0,0,27.39,-3.54,-100.89,N/A,N/A
17:25:59.727,N/A,0,0,0,27.45,-3.54,-100.86,N/A,N/A
17:25:59.739,N/A,0,0,0,27.51,-3.57,-100.83,N/A,N/A
17:25:59.751,N/A,0,0,0,27.57,-3.64,-100.81,N/A,N/A
17:25:59.758,N/A,0,0,0,27.66,-3.68,-100.80,N/A,N/A
17:25:59.767,N/A,0,0,0,27.73,-3.69,-100.77,N/A,N/A
17:25:59.779,N/A,0,0,0,27.78,-3.67,-100.74,N/A,N/A
17:25:59.787,N/A,0,0,0,27.83,-3.68,-100.70,N/A,N/A
17:25:59.799,N/A,0,0,0,27.88,-3.68,-100.68,N/A,N/A
17:25:59.808,N/A,0,0,0,28.09,-3.76,-100.57,N/A,N/A
17:25:59.819,N/A,0,0,0,28.17,-3.81,-100.52,N/A,N/A
17:25:59.830,N/A,0,0,0,28.45,-3.98,-100.36,N/A,N/A
17:25:59.840,N/A,0,0,0,28.67,-4.04,-100.24,N/A,N/A
17:25:59.857,N/A,0,0,0,29.04,-4.10,-100.07,N/A,N/A
17:25:59.867,N/A,0,0,0,29.48,-4.12,-99.94,N/A,N/A
17:25:59.876,N/A,0,0,0,29.63,-4.11,-99.88,N/A,N/A
17:25:59.889,N/A,0,0,0,30.01,-4.06,-99.70,N/A,N/A
17:25:59.900,N/A,0,0,0,30.19,-4.02,-99.57,N/A,N/A
17:25:59.906,N/A,0,0,0,30.29,-4.00,-99.47,N/A,N/A
17:25:59.921,N/A,0,0,0,30.32,-3.99,-99.39,N/A,N/A
17:25:59.928,N/A,0,0,0,30.38,-3.99,-99.32,N/A,N/A
17:25:59.941,N/A,0,0,0,30.53,-4.01,-99.26,N/A,N/A
17:25:59.958,N/A,0,0,0,30.91,-4.06,-99.16,N/A,N/A
17:25:59.962,N/A,0,0,0,31.05,-4.07,-99.13,N/A,N/A
17:25:59.967,N/A,0,0,0,31.32,-4.09,-99.06,N/A,N/A
17:25:59.978,N/A,0,0,0,31.61,-4.13,-99.01,N/A,N/A
17:25:59.993,N/A,0,0,0,31.94,-4.24,-98.96,N/A,N/A
17:26:00.000,N/A,0,0,0,32.19,-4.35,-98.93,N/A,N/A
17:26:00.007,N/A,0,0,0,32.35,-4.45,-98.88,N/A,N/A
17:26:00.028,N/A,0,0,0,32.50,-4.60,-98.73,N/A,N/A
17:26:00.036,N/A,0,0,0,32.53,-4.63,-98.68,N/A,N/A
17:26:00.049,N/A,0,0,0,32.63,-4.67,-98.53,N/A,N/A
17:26:00.059,N/A,0,0,0,32.74,-4.65,-98.44,N/A,N/A
17:26:00.069,N/A,0,0,0,32.85,-4.62,-98.36,N/A,N/A
17:26:00.077,N/A,0,0,0,32.93,-4.57,-98.27,N/A,N/A
17:26:00.090,N/A,0,0,0,32.93,-4.50,-98.16,N/A,N/A
17:26:00.098,N/A,0,0,0,32.86,-4.41,-98.02,N/A,N/A
17:26:00.106,N/A,0,0,0,32.74,-4.33,-97.87,N/A,N/A
17:26:00.115,N/A,0,0,0,32.65,-4.28,-97.79,N/A,N/A
17:26:00.128,N/A,0,0,0,32.30,-4.11,-97.54,N/A,N/A
17:26:00.133,N/A,0,0,0,32.20,-4.07,-97.47,N/A,N/A
17:26:00.150,N/A,0,0,0,32.15,-4.03,-97.27,N/A,N/A
17:26:00.158,N/A,0,0,0,32.33,-4.11,-97.19,N/A,N/A
17:26:00.168,N/A,0,0,0,32.53,-4.22,-97.11,N/A,N/A
17:26:00.174,N/A,0,0,0,32.61,-4.28,-97.08,N/A,N/A
17:26:00.186,N/A,0,0,0,32.79,-4.43,-97.01,N/A,N/A
17:26:00.195,N/A,0,0,0,32.81,-4.49,-96.97,N/A,N/A
17:26:00.204,N/A,0,0,0,32.78,-4.61,-96.91,N/A,N/A
17:26:00.219,N/A,0,0,0,32.39,-4.80,-96.76,N/A,N/A
17:26:00.228,N/A,0,0,0,31.76,-4.87,-96.55,N/A,N/A
17:26:00.238,N/A,0,0,0,30.81,-4.81,-96.29,N/A,N/A
17:26:00.248,N/A,0,0,0,29.50,-4.62,-96.07,N/A,N/A
17:26:00.259,N/A,0,0,0,27.80,-4.44,-95.93,N/A,N/A
17:26:00.267,N/A,0,0,0,25.68,-4.35,-95.82,N/A,N/A
17:26:00.277,N/A,0,0,0,24.39,-4.32,-95.76,N/A,N/A
17:26:00.288,N/A,0,0,0,19.36,-4.29,-95.47,N/A,N/A
17:26:00.296,N/A,0,0,0,17.39,-4.33,-95.36,N/A,N/A
17:26:00.314,N/A,0,0,0,10.42,-4.86,-95.19,N/A,N/A
17:26:00.326,N/A,0,0,0,6.21,-5.66,-95.33,N/A,N/A
17:26:00.339,N/A,0,0,0,4.16,-6.26,-95.44,N/A,N/A
17:26:00.350,N/A,0,0,0,2.52,-6.72,-95.35,N/A,N/A
17:26:00.359,N/A,0,0,0,1.04,-7.00,-95.08,N/A,N/A
17:26:00.374,N/A,0,0,0,-0.99,-7.04,-94.61,N/A,N/A
17:26:00.409,N/A,0,0,0,-5.11,-6.49,-93.74,N/A,N/A
17:26:00.416,N/A,0,0,0,-6.10,-6.48,-93.57,N/A,N/A
17:26:00.429,N/A,0,0,0,-7.04,-6.41,-93.48,N/A,N/A
17:26:00.438,N/A,0,0,0,-7.97,-6.25,-93.34,N/A,N/A
17:26:00.453,N/A,0,0,0,-8.84,-5.96,-93.21,N/A,N/A
17:26:00.469,N/A,0,0,0,-10.76,-5.19,-92.97,N/A,N/A
17:26:00.477,N/A,0,0,0,-11.78,-4.83,-92.84,N/A,N/A
17:26:00.491,N/A,0,0,0,-12.84,-4.52,-92.64,N/A,N/A
17:26:00.498,N/A,0,0,0,-13.87,-4.25,-92.41,N/A,N/A
17:26:00.515,N/A,0,0,0,-15.46,-3.85,-92.10,N/A,N/A
17:26:00.526,N/A,0,0,0,-17.05,-3.53,-91.89,N/A,N/A
17:26:00.536,N/A,0,0,0,-17.49,-3.45,-91.86,N/A,N/A
17:26:00.559,N/A,0,0,0,-18.77,-3.32,-91.76,N/A,N/A
17:26:00.570,N/A,0,0,0,-19.46,-3.35,-91.53,N/A,N/A
17:26:00.579,N/A,0,0,0,-19.93,-3.32,-91.36,N/A,N/A
17:26:00.594,N/A,0,0,0,-20.56,-3.28,-91.12,N/A,N/A
17:26:00.610,N/A,0,0,0,-21.18,-3.32,-90.81,N/A,N/A
17:26:00.614,N/A,0,0,0,-21.37,-3.34,-90.71,N/A,N/A
17:26:00.630,N/A,0,0,0,-21.93,-3.30,-90.48,N/A,N/A
17:26:00.637,N/A,0,0,0,-22.29,-3.25,-90.35,N/A,N/A
17:26:00.652,N/A,0,0,0,-22.67,-3.24,-90.26,N/A,N/A
17:26:00.655,N/A,0,0,0,-23.09,-3.24,-90.16,N/A,N/A
17:26:00.677,N/A,0,0,0,-23.94,-3.07,-89.99,N/A,N/A
17:26:00.691,N/A,0,0,0,-24.36,-2.90,-89.97,N/A,N/A
17:26:00.706,N/A,0,0,0,-25.21,-2.50,-90.00,N/A,N/A
17:26:00.720,N/A,0,0,0,-25.74,-2.30,-90.01,N/A,N/A
17:26:00.729,N/A,0,0,0,-26.43,-2.05,-89.92,N/A,N/A
17:26:00.737,N/A,0,0,0,-27.23,-1.76,-89.82,N/A,N/A
17:26:00.753,N/A,0,0,0,-28.09,-1.46,-89.75,N/A,N/A
17:26:00.758,N/A,0,0,0,-28.97,-1.19,-89.69,N/A,N/A
17:26:00.768,N/A,0,0,0,-29.75,-0.97,-89.67,N/A,N/A
17:26:00.778,N/A,0,0,0,-30.40,-0.81,-89.72,N/A,N/A
17:26:00.788,N/A,0,0,0,-30.95,-0.70,-89.75,N/A,N/A
17:26:00.798,N/A,0,0,0,-31.46,-0.65,-89.75,N/A,N/A
17:26:00.810,N/A,0,0,0,-31.99,-0.61,-89.72,N/A,N/A
17:26:00.819,N/A,0,0,0,-32.60,-0.50,-89.70,N/A,N/A
17:26:00.829,N/A,0,0,0,-33.31,-0.28,-89.71,N/A,N/A
17:26:00.839,N/A,0,0,0,-34.09,0.00,-89.74,N/A,N/A
17:26:00.853,N/A,0,0,0,-34.92,0.26,-89.77,N/A,N/A
17:26:00.858,N/A,0,0,0,-35.73,0.46,-89.80,N/A,N/A
17:26:00.868,N/A,0,0,0,-36.46,0.61,-89.84,N/A,N/A
17:26:00.879,N/A,0,0,0,-37.08,0.67,-89.88,N/A,N/A
17:26:00.895,N/A,0,0,0,-37.81,0.56,-89.99,N/A,N/A
17:26:00.898,N/A,0,0,0,-38.02,0.47,-90.05,N/A,N/A
17:26:00.911,N/A,0,0,0,-38.44,0.28,-90.17,N/A,N/A
17:26:00.919,N/A,0,0,0,-38.89,0.11,-90.27,N/A,N/A
17:26:00.928,N/A,0,0,0,-39.38,0.06,-90.34,N/A,N/A
17:26:00.938,N/A,0,0,0,-39.93,0.10,-90.39,N/A,N/A
17:26:00.950,N/A,0,0,0,-40.53,0.17,-90.43,N/A,N/A
17:26:00.957,N/A,0,0,0,-41.13,0.21,-90.45,N/A,N/A
17:26:00.968,N/A,0,0,0,-41.69,0.30,-90.49,N/A,N/A
17:26:00.978,N/A,0,0,0,-42.24,0.42,-90.54,N/A,N/A
17:26:00.990,N/A,0,0,0,-42.74,0.51,-90.59,N/A,N/A
17:26:00.997,N/A,0,0,0,-43.18,0.52,-90.60,N/A,N/A
17:26:01.010,N/A,0,0,0,-43.61,0.43,-90.62,N/A,N/A
17:26:01.018,N/A,0,0,0,-44.03,0.24,-90.70,N/A,N/A
17:26:01.026,N/A,0,0,0,-44.44,0.08,-90.74,N/A,N/A
17:26:01.038,N/A,0,0,0,-44.86,0.15,-90.75,N/A,N/A
17:26:01.050,N/A,0,0,0,-45.31,0.23,-90.81,N/A,N/A
17:26:01.059,N/A,0,0,0,-45.76,0.34,-90.90,N/A,N/A
17:26:01.069,N/A,0,0,0,-46.17,0.45,-91.03,N/A,N/A
17:26:01.079,N/A,0,0,0,-46.55,0.53,-91.16,N/A,N/A
17:26:01.090,N/A,0,0,0,-46.87,0.61,-91.26,N/A,N/A
17:26:01.095,N/A,0,0,0,-47.17,0.67,-91.32,N/A,N/A
17:26:01.111,N/A,0,0,0,-47.43,0.73,-91.36,N/A,N/A
17:26:01.124,N/A,0,0,0,-47.77,0.77,-91.39,N/A,N/A
17:26:01.137,N/A,0,0,0,-48.04,0.72,-91.39,N/A,N/A
17:26:01.160,N/A,0,0,0,-48.29,0.60,-91.45,N/A,N/A
17:26:01.169,N/A,0,0,0,-48.50,0.47,-91.56,N/A,N/A
17:26:01.174,N/A,0,0,0,-48.56,0.44,-91.61,N/A,N/A
17:26:01.186,N/A,0,0,0,-48.67,0.38,-91.78,N/A,N/A
17:26:01.195,N/A,0,0,0,-48.68,0.36,-91.84,N/A,N/A
17:26:01.205,N/A,0,0,0,-48.58,0.29,-92.01,N/A,N/A
17:26:01.217,N/A,0,0,0,-48.38,0.23,-92.18,N/A,N/A
17:26:01.230,N/A,0,0,0,-48.02,0.11,-92.38,N/A,N/A
17:26:01.236,N/A,0,0,0,-47.48,-0.03,-92.61,N/A,N/A
17:26:01.250,N/A,0,0,0,-46.78,-0.15,-92.85,N/A,N/A
17:26:01.255,N/A,0,0,0,-46.41,-0.20,-92.97,N/A,N/A
17:26:01.267,N/A,0,0,0,-45.25,-0.36,-93.26,N/A,N/A
17:26:01.277,N/A,0,0,0,-44.42,-0.49,-93.47,N/A,N/A
17:26:01.284,N/A,0,0,0,-43.55,-0.59,-93.71,N/A,N/A
17:26:01.297,N/A,0,0,0,-42.60,-0.62,-94.04,N/A,N/A
17:26:01.310,N/A,0,0,0,-41.47,-0.75,-94.38,N/A,N/A
17:26:01.316,N/A,0,0,0,-40.24,-0.98,-94.67,N/A,N/A
17:26:01.326,N/A,0,0,0,-39.03,-1.00,-95.02,N/A,N/A
17:26:01.335,N/A,0,0,0,-37.81,-0.69,-95.46,N/A,N/A
17:26:01.352,N/A,0,0,0,-36.66,-0.15,-95.87,N/A,N/A
17:26:01.356,N/A,0,0,0,-35.77,0.46,-96.20,N/A,N/A
17:26:01.369,N/A,0,0,0,-35.06,1.15,-96.48,N/A,N/A
17:26:01.374,N/A,0,0,0,-34.73,1.53,-96.59,N/A,N/A
17:26:01.387,N/A,0,0,0,-33.83,2.79,-96.89,N/A,N/A
17:26:01.396,N/A,0,0,0,-33.25,3.73,-97.26,N/A,N/A
17:26:01.407,N/A,0,0,0,-32.67,4.73,-97.69,N/A,N/A
17:26:01.414,N/A,0,0,0,-32.03,5.66,-98.15,N/A,N/A
17:26:01.426,N/A,0,0,0,-31.33,6.42,-98.59,N/A,N/A
17:26:01.436,N/A,0,0,0,-30.64,7.11,-99.06,N/A,N/A
17:26:01.450,N/A,0,0,0,-29.95,7.95,-99.52,N/A,N/A
17:26:01.457,N/A,0,0,0,-29.28,8.98,-99.90,N/A,N/A
17:26:01.464,N/A,0,0,0,-28.64,10.06,-100.18,N/A,N/A
17:26:01.477,N/A,0,0,0,-28.03,11.04,-100.40,N/A,N/A
17:26:01.488,N/A,0,0,0,-27.54,11.84,-100.57,N/A,N/A
17:26:01.494,N/A,0,0,0,-27.18,12.49,-100.68,N/A,N/A
17:26:01.510,N/A,0,0,0,-26.82,13.16,-100.75,N/A,N/A
17:26:01.518,N/A,0,0,0,-26.44,13.87,-100.80,N/A,N/A
17:26:01.529,N/A,0,0,0,-25.95,14.57,-100.90,N/A,N/A
17:26:01.534,N/A,0,0,0,-25.39,15.25,-101.17,N/A,N/A
17:26:01.549,N/A,0,0,0,-24.84,15.88,-101.65,N/A,N/A
17:26:01.556,N/A,0,0,0,-24.27,16.30,-102.20,N/A,N/A
17:26:01.565,N/A,0,0,0,-23.72,16.55,-102.63,N/A,N/A
17:26:01.575,N/A,0,0,0,-23.32,16.97,-102.80,N/A,N/A
17:26:01.586,N/A,0,0,0,-23.08,17.66,-102.89,N/A,N/A
17:26:01.596,N/A,0,0,0,-22.90,18.27,-103.09,N/A,N/A
17:26:01.605,N/A,0,0,0,-22.70,18.75,-103.34,N/A,N/A
17:26:01.615,N/A,0,0,0,-22.51,19.36,-103.59,N/A,N/A
17:26:01.629,N/A,0,0,0,-22.34,20.26,-103.90,N/A,N/A
17:26:01.636,N/A,0,0,0,-22.18,21.43,-104.40,N/A,N/A
17:26:01.648,N/A,0,0,0,-22.07,22.70,-104.92,N/A,N/A
17:26:01.658,N/A,0,0,0,-21.96,24.16,-105.34,N/A,N/A
17:26:01.669,N/A,0,0,0,-21.79,25.74,-105.69,N/A,N/A
17:26:01.678,N/A,0,0,0,-21.63,27.20,-106.09,N/A,N/A
17:26:01.685,N/A,0,0,0,-21.52,28.42,-106.28,N/A,N/A
17:26:01.694,N/A,0,0,0,-21.41,29.46,-106.32,N/A,N/A
17:26:01.705,N/A,0,0,0,-21.19,30.39,-106.19,N/A,N/A
17:26:01.714,N/A,0,0,0,-20.96,31.29,-106.14,N/A,N/A
17:26:01.726,N/A,0,0,0,-20.83,32.32,-106.47,N/A,N/A
17:26:01.734,N/A,0,0,0,-20.79,33.62,-107.16,N/A,N/A
17:26:01.750,N/A,0,0,0,-20.86,35.03,-107.98,N/A,N/A
17:26:01.757,N/A,0,0,0,-20.98,36.50,-108.69,N/A,N/A
17:26:01.766,N/A,0,0,0,-21.17,38.02,-109.34,N/A,N/A
17:26:01.796,N/A,0,0,0,-22.18,41.98,-111.43,N/A,N/A
17:26:01.806,N/A,0,0,0,-22.26,42.68,-111.71,N/A,N/A
17:26:01.818,N/A,0,0,0,-22.13,43.16,-111.83,N/A,N/A
17:26:01.828,N/A,0,0,0,-21.82,43.60,-111.91,N/A,N/A
17:26:01.836,N/A,0,0,0,-21.47,44.16,-112.16,N/A,N/A
17:26:01.857,N/A,0,0,0,-20.97,45.35,-112.81,N/A,N/A
17:26:01.865,N/A,0,0,0,-20.82,45.84,-113.04,N/A,N/A
17:26:01.870,N/A,0,0,0,-20.55,46.82,-113.48,N/A,N/A
17:26:01.877,N/A,0,0,0,-20.24,47.68,-113.91,N/A,N/A
17:26:01.888,N/A,0,0,0,-19.92,48.41,-114.40,N/A,N/A
17:26:01.897,N/A,0,0,0,-19.67,49.06,-114.92,N/A,N/A
17:26:01.909,N/A,0,0,0,-19.39,49.62,-115.26,N/A,N/A
17:26:01.915,N/A,0,0,0,-19.03,50.22,-115.37,N/A,N/A
17:26:01.924,N/A,0,0,0,-18.68,50.89,-115.43,N/A,N/A
17:26:01.935,N/A,0,0,0,-18.29,51.57,-115.57,N/A,N/A
17:26:01.957,N/A,0,0,0,-17.68,52.53,-115.78,N/A,N/A
17:26:01.961,N/A,0,0,0,-17.50,52.82,-115.80,N/A,N/A
17:26:01.974,N/A,0,0,0,-16.88,53.53,-115.58,N/A,N/A
17:26:01.984,N/A,0,0,0,-16.24,54.05,-115.19,N/A,N/A
17:26:01.991,N/A,0,0,0,-16.01,54.20,-115.08,N/A,N/A
17:26:02.003,N/A,0,0,0,-15.57,54.49,-114.95,N/A,N/A
17:26:02.012,N/A,0,0,0,-15.15,54.77,-114.90,N/A,N/A
17:26:02.026,N/A,0,0,0,-14.56,55.10,-114.78,N/A,N/A
17:26:02.036,N/A,0,0,0,-14.24,55.29,-114.61,N/A,N/A
17:26:02.055,N/A,0,0,0,-13.69,55.50,-114.10,N/A,N/A
17:26:02.065,N/A,0,0,0,-13.46,55.44,-113.90,N/A,N/A
17:26:02.080,N/A,0,0,0,-13.25,55.30,-113.76,N/A,N/A
17:26:02.090,N/A,0,0,0,-13.07,55.21,-113.70,N/A,N/A
17:26:02.095,N/A,0,0,0,-12.94,55.23,-113.70,N/A,N/A
17:26:02.105,N/A,0,0,0,-12.84,55.36,-113.66,N/A,N/A
17:26:02.117,N/A,0,0,0,-12.75,55.54,-113.61,N/A,N/A
17:26:02.126,N/A,0,0,0,-12.65,55.68,-113.57,N/A,N/A
17:26:02.137,N/A,0,0,0,-12.55,55.74,-113.52,N/A,N/A
17:26:02.150,N/A,0,0,0,-12.45,55.68,-113.41,N/A,N/A
17:26:02.157,N/A,0,0,0,-12.32,55.49,-113.18,N/A,N/A
17:26:02.172,N/A,0,0,0,-12.00,54.83,-112.55,N/A,N/A
17:26:02.175,N/A,0,0,0,-11.81,54.53,-112.23,N/A,N/A
17:26:02.190,N/A,0,0,0,-11.35,53.97,-111.51,N/A,N/A
17:26:02.197,N/A,0,0,0,-10.96,53.52,-110.92,N/A,N/A
17:26:02.205,N/A,0,0,0,-10.65,53.23,-110.55,N/A,N/A
17:26:02.215,N/A,0,0,0,-10.36,53.07,-110.23,N/A,N/A
17:26:02.226,N/A,0,0,0,-10.06,52.94,-109.86,N/A,N/A
17:26:02.236,N/A,0,0,0,-9.72,52.75,-109.35,N/A,N/A
17:26:02.249,N/A,0,0,0,-9.37,52.37,-108.70,N/A,N/A
17:26:02.258,N/A,0,0,0,-8.98,51.66,-107.89,N/A,N/A
17:26:02.268,N/A,0,0,0,-8.43,50.51,-106.81,N/A,N/A
17:26:02.277,N/A,0,0,0,-7.66,48.86,-105.43,N/A,N/A
17:26:02.285,N/A,0,0,0,-6.90,46.98,-104.00,N/A,N/A
17:26:02.295,N/A,0,0,0,-6.10,45.35,-102.87,N/A,N/A
17:26:02.305,N/A,0,0,0,-5.33,44.05,-102.14,N/A,N/A
17:26:02.315,N/A,0,0,0,-4.65,42.82,-101.61,N/A,N/A
17:26:02.324,N/A,0,0,0,-4.03,41.57,-101.04,N/A,N/A
17:26:02.336,N/A,0,0,0,-3.50,40.14,-100.37,N/A,N/A
17:26:02.349,N/A,0,0,0,-3.12,38.40,-99.68,N/A,N/A
17:26:02.354,N/A,0,0,0,-2.97,36.21,-99.15,N/A,N/A
17:26:02.364,N/A,0,0,0,-3.19,33.51,-98.97,N/A,N/A
17:26:02.377,N/A,0,0,0,-3.56,30.31,-99.12,N/A,N/A
17:26:02.385,N/A,0,0,0,-3.83,26.97,-99.52,N/A,N/A
17:26:02.399,N/A,0,0,0,-3.88,23.81,-100.00,N/A,N/A
17:26:02.406,N/A,0,0,0,-3.66,20.98,-100.35,N/A,N/A
17:26:02.418,N/A,0,0,0,-3.30,18.65,-100.59,N/A,N/A
17:26:02.432,N/A,0,0,0,-2.88,15.81,-100.83,N/A,N/A
17:26:02.447,N/A,0,0,0,-2.50,12.97,-100.87,N/A,N/A
17:26:02.453,N/A,0,0,0,-2.15,10.86,-100.76,N/A,N/A
17:26:02.464,N/A,0,0,0,-1.83,8.61,-100.66,N/A,N/A
17:26:02.473,N/A,0,0,0,-1.72,7.45,-100.65,N/A,N/A
17:26:02.486,N/A,0,0,0,-1.68,3.98,-101.13,N/A,N/A
17:26:02.497,N/A,0,0,0,-1.92,1.82,-101.92,N/A,N/A
17:26:02.512,N/A,0,0,0,-2.25,-1.36,-103.27,N/A,N/A
17:26:02.515,N/A,0,0,0,-2.26,-2.39,-103.56,N/A,N/A
17:26:02.527,N/A,0,0,0,-2.19,-4.33,-103.77,N/A,N/A
17:26:02.537,N/A,0,0,0,-2.02,-6.13,-103.58,N/A,N/A
17:26:02.550,N/A,0,0,0,-1.81,-7.82,-103.22,N/A,N/A
17:26:02.558,N/A,0,0,0,-1.67,-9.48,-102.75,N/A,N/A
17:26:02.570,N/A,0,0,0,-1.64,-11.09,-102.24,N/A,N/A
17:26:02.576,N/A,0,0,0,-1.79,-12.63,-101.77,N/A,N/A
17:26:02.590,N/A,0,0,0,-2.14,-14.01,-101.36,N/A,N/A
17:26:02.597,N/A,0,0,0,-2.64,-15.17,-101.17,N/A,N/A
17:26:02.610,N/A,0,0,0,-3.23,-16.13,-101.32,N/A,N/A
17:26:02.615,N/A,0,0,0,-3.85,-16.89,-101.78,N/A,N/A
17:26:02.637,N/A,0,0,0,-4.42,-18.08,-102.91,N/A,N/A
17:26:02.650,N/A,0,0,0,-4.53,-18.37,-103.04,N/A,N/A
17:26:02.666,N/A,0,0,0,-4.57,-18.69,-102.73,N/A,N/A
17:26:02.685,N/A,0,0,0,-4.14,-18.64,-101.79,N/A,N/A
17:26:02.695,N/A,0,0,0,-4.01,-18.41,-101.04,N/A,N/A
17:26:02.704,N/A,0,0,0,-4.06,-18.12,-100.37,N/A,N/A
17:26:02.723,N/A,0,0,0,-4.25,-16.71,-99.76,N/A,N/A
17:26:02.737,N/A,0,0,0,-4.05,-14.95,-100.00,N/A,N/A
17:26:02.748,N/A,0,0,0,-3.87,-13.25,-100.30,N/A,N/A
17:26:02.754,N/A,0,0,0,-3.77,-11.71,-100.59,N/A,N/A
17:26:02.764,N/A,0,0,0,-3.92,-10.21,-100.75,N/A,N/A
17:26:02.778,N/A,0,0,0,-4.43,-8.75,-100.75,N/A,N/A
17:26:02.787,N/A,0,0,0,-5.07,-7.41,-100.68,N/A,N/A
17:26:02.795,N/A,0,0,0,-5.67,-6.25,-100.65,N/A,N/A
17:26:02.805,N/A,0,0,0,-6.16,-5.25,-100.64,N/A,N/A
17:26:02.814,N/A,0,0,0,-6.54,-4.41,-100.59,N/A,N/A
17:26:02.829,N/A,0,0,0,-6.77,-3.71,-100.53,N/A,N/A
17:26:02.834,N/A,0,0,0,-6.88,-3.11,-100.50,N/A,N/A
17:26:02.852,N/A,0,0,0,-6.85,-2.58,-100.49,N/A,N/A
17:26:02.856,N/A,0,0,0,-6.60,-2.08,-100.48,N/A,N/A
17:26:02.868,N/A,0,0,0,-6.32,-1.39,-100.37,N/A,N/A
17:26:02.874,N/A,0,0,0,-6.31,-0.08,-99.88,N/A,N/A
17:26:02.883,N/A,0,0,0,-5.33,1.27,-99.15,N/A,N/A
17:26:02.894,N/A,0,0,0,-4.01,1.34,-98.50,N/A,N/A
17:26:02.908,N/A,0,0,0,-3.89,1.35,-98.31,N/A,N/A
17:26:02.915,N/A,0,0,0,-4.66,1.36,-98.21,N/A,N/A
17:26:02.925,N/A,0,0,0,-5.00,1.37,-98.03,N/A,N/A
17:26:02.934,N/A,0,0,0,-4.75,1.38,-97.84,N/A,N/A
17:26:02.948,N/A,0,0,0,-4.51,1.39,-97.76,N/A,N/A
17:26:02.954,N/A,0,0,0,-4.60,1.39,-97.73,N/A,N/A
17:26:02.963,N/A,0,0,0,-4.66,1.39,-97.72,N/A,N/A
17:26:02.976,N/A,0,0,0,-4.64,1.39,-97.72,N/A,N/A
17:26:02.986,N/A,0,0,0,-4.67,1.39,-97.72,N/A,N/A
17:26:02.993,N/A,0,0,0,-4.65,1.39,-97.72,N/A,N/A
17:26:03.005,N/A,0,0,0,-4.65,1.39,-97.73,N/A,N/A
17:26:03.015,N/A,0,0,0,-4.68,1.39,-97.73,N/A,N/A
17:26:03.025,N/A,0,0,0,-4.69,1.39,-97.73,N/A,N/A
17:26:03.034,N/A,0,0,0,-4.69,1.39,-97.73,N/A,N/A
17:26:03.047,N/A,0,0,0,-4.69,1.39,-97.74,N/A,N/A
17:26:03.053,N/A,0,0,0,-4.70,1.39,-97.74,N/A,N/A
17:26:03.071,N/A,0,0,0,-4.70,1.39,-97.74,N/A,N/A
17:26:03.084,N/A,0,0,0,-4.72,1.40,-97.75,N/A,N/A
17:26:03.092,N/A,0,0,0,-4.72,1.40,-97.75,N/A,N/A
17:26:03.102,N/A,0,0,0,-4.72,1.40,-97.75,N/A,N/A
17:26:03.111,N/A,0,0,0,-4.72,1.40,-97.75,N/A,N/A
17:26:03.120,N/A,0,0,0,-4.72,1.40,-97.75,N/A,N/A
17:26:03.132,N/A,0,0,0,-4.74,1.40,-97.75,N/A,N/A
17:26:03.147,N/A,0,0,0,-4.73,1.40,-97.76,N/A,N/A
17:26:03.154,N/A,0,0,0,-4.74,1.40,-97.76,N/A,N/A
17:26:03.169,N/A,0,0,0,-4.74,1.40,-97.76,N/A,N/A
17:26:03.176,N/A,0,0,0,-4.74,1.40,-97.77,N/A,N/A
17:26:03.183,N/A,0,0,0,-4.74,1.40,-97.77,N/A,N/A
17:26:03.197,N/A,0,0,0,-4.74,1.40,-97.77,N/A,N/A
17:26:03.207,N/A,0,0,0,-4.74,1.41,-97.77,N/A,N/A
17:26:03.216,N/A,0,0,0,-4.75,1.41,-97.77,N/A,N/A
17:26:03.226,N/A,0,0,0,-4.75,1.41,-97.78,N/A,N/A
17:26:03.236,N/A,0,0,0,-4.75,1.41,-97.78,N/A,N/A
17:26:03.249,N/A,0,0,0,-4.75,1.41,-97.78,N/A,N/A
17:26:03.255,N/A,0,0,0,-4.75,1.41,-97.78,N/A,N/A
17:26:03.267,N/A,0,0,0,-4.75,1.41,-97.78,N/A,N/A
17:26:03.276,N/A,0,0,0,-4.75,1.41,-97.78,N/A,N/A
17:26:03.291,N/A,0,0,0,-4.75,1.41,-97.79,N/A,N/A
17:26:03.296,N/A,0,0,0,-4.75,1.41,-97.79,N/A,N/A
17:26:03.305,N/A,0,0,0,-4.75,1.41,-97.79,N/A,N/A
17:26:03.316,N/A,0,0,0,-4.75,1.41,-97.79,N/A,N/A
17:26:03.327,N/A,0,0,0,-4.75,1.41,-97.79,N/A,N/A
17:26:03.334,N/A,0,0,0,-4.75,1.41,-97.79,N/A,N/A
17:26:03.351,N/A,0,0,0,-4.75,1.42,-97.79,N/A,N/A
17:26:03.360,N/A,0,0,0,-4.75,1.42,-97.79,N/A,N/A
17:26:03.375,N/A,0,0,0,-4.74,1.42,-97.79,N/A,N/A
17:26:03.387,N/A,0,0,0,-4.75,1.42,-97.79,N/A,N/A
17:26:03.403,N/A,0,0,0,-4.74,1.42,-97.79,N/A,N/A
17:26:03.411,N/A,0,0,0,-4.74,1.42,-97.79,N/A,N/A
17:26:03.425,N/A,0,0,0,-4.74,1.42,-97.79,N/A,N/A
17:26:03.434,N/A,0,0,0,-4.74,1.42,-97.79,N/A,N/A
17:26:03.445,N/A,0,0,0,-4.74,1.42,-97.78,N/A,N/A
17:26:03.465,N/A,0,0,0,-4.74,1.42,-97.78,N/A,N/A
17:26:03.476,N/A,0,0,0,-4.74,1.42,-97.78,N/A,N/A
17:26:03.486,N/A,0,0,0,-4.74,1.42,-97.78,N/A,N/A
17:26:03.494,N/A,0,0,0,-4.74,1.42,-97.78,N/A,N/A
17:26:03.503,N/A,0,0,0,-4.73,1.42,-97.78,N/A,N/A
17:26:03.514,N/A,0,0,0,-4.73,1.42,-97.78,N/A,N/A
17:26:03.525,N/A,0,0,0,-4.73,1.43,-97.78,N/A,N/A
17:26:03.537,N/A,0,0,0,-4.73,1.43,-97.78,N/A,N/A
17:26:03.549,N/A,0,0,0,-4.73,1.43,-97.78,N/A,N/A
17:26:03.555,N/A,0,0,0,-4.72,1.43,-97.77,N/A,N/A
17:26:03.564,N/A,0,0,0,-4.73,1.43,-97.77,N/A,N/A
17:26:03.574,N/A,0,0,0,-4.72,1.43,-97.77,N/A,N/A
17:26:03.583,N/A,0,0,0,-4.72,1.43,-97.77,N/A,N/A
17:26:03.595,N/A,0,0,0,-4.72,1.43,-97.77,N/A,N/A
17:26:03.605,N/A,0,0,0,-4.72,1.43,-97.77,N/A,N/A
17:26:03.614,N/A,0,0,0,-4.72,1.43,-97.77,N/A,N/A
17:26:03.621,N/A,0,0,0,-4.72,1.43,-97.77,N/A,N/A
17:26:03.634,N/A,0,0,0,-4.71,1.43,-97.76,N/A,N/A
17:26:03.642,N/A,0,0,0,-4.71,1.43,-97.76,N/A,N/A
17:26:03.655,N/A,0,0,0,-4.71,1.43,-97.76,N/A,N/A
17:26:03.664,N/A,0,0,0,-4.71,1.43,-97.75,N/A,N/A
17:26:03.677,N/A,0,0,0,-4.71,1.43,-97.75,N/A,N/A
17:26:03.685,N/A,0,0,0,-4.71,1.43,-97.75,N/A,N/A
17:26:03.694,N/A,0,0,0,-4.70,1.43,-97.74,N/A,N/A
17:26:03.703,N/A,0,0,0,-4.70,1.43,-97.73,N/A,N/A
17:26:03.715,N/A,0,0,0,-4.70,1.43,-97.73,N/A,N/A
17:26:03.721,N/A,0,0,0,-4.70,1.43,-97.72,N/A,N/A
17:26:03.737,N/A,0,0,0,-4.70,1.43,-97.71,N/A,N/A
17:26:03.746,N/A,0,0,0,-4.70,1.43,-97.71,N/A,N/A
17:26:03.755,N/A,0,0,0,-4.70,1.43,-97.70,N/A,N/A
17:26:03.765,N/A,0,0,0,-4.69,1.43,-97.69,N/A,N/A
17:26:03.772,N/A,0,0,0,-4.69,1.43,-97.69,N/A,N/A
17:26:03.781,N/A,0,0,0,-4.69,1.43,-97.68,N/A,N/A
17:26:03.793,N/A,0,0,0,-4.69,1.42,-97.66,N/A,N/A
17:26:03.801,N/A,0,0,0,-4.69,1.42,-97.66,N/A,N/A
17:26:03.816,N/A,0,0,0,-4.69,1.43,-97.64,N/A,N/A
17:26:03.825,N/A,0,0,0,-4.69,1.43,-97.64,N/A,N/A
17:26:03.836,N/A,0,0,0,-4.69,1.43,-97.62,N/A,N/A
17:26:03.846,N/A,0,0,0,-4.68,1.43,-97.61,N/A,N/A
17:26:03.854,N/A,0,0,0,-4.68,1.43,-97.60,N/A,N/A
17:26:03.864,N/A,0,0,0,-4.68,1.43,-97.59,N/A,N/A
17:26:03.875,N/A,0,0,0,-4.68,1.43,-97.58,N/A,N/A
17:26:03.886,N/A,0,0,0,-4.68,1.43,-97.56,N/A,N/A
17:26:03.896,N/A,0,0,0,-4.68,1.43,-97.55,N/A,N/A
17:26:03.906,N/A,0,0,0,-4.68,1.43,-97.54,N/A,N/A
17:26:03.915,N/A,0,0,0,-4.68,1.43,-97.53,N/A,N/A
17:26:03.922,N/A,0,0,0,-4.68,1.43,-97.52,N/A,N/A
17:26:03.934,N/A,0,0,0,-4.68,1.43,-97.50,N/A,N/A
17:26:03.943,N/A,0,0,0,-4.68,1.43,-97.49,N/A,N/A
17:26:03.957,N/A,0,0,0,-4.68,1.43,-97.47,N/A,N/A
17:26:03.965,N/A,0,0,0,-4.68,1.43,-97.46,N/A,N/A
17:26:03.973,N/A,0,0,0,-4.68,1.43,-97.45,N/A,N/A
17:26:03.989,N/A,0,0,0,-4.68,1.43,-97.42,N/A,N/A
17:26:03.996,N/A,0,0,0,-4.68,1.43,-97.42,N/A,N/A
17:26:04.006,N/A,0,0,0,-4.68,1.43,-97.40,N/A,N/A
17:26:04.014,N/A,0,0,0,-4.68,1.42,-97.38,N/A,N/A
17:26:04.026,N/A,0,0,0,-4.68,1.43,-97.37,N/A,N/A
17:26:04.047,N/A,0,0,0,-4.68,1.43,-97.34,N/A,N/A
17:26:04.054,N/A,0,0,0,-4.68,1.43,-97.32,N/A,N/A
17:26:04.066,N/A,0,0,0,-4.68,1.43,-97.31,N/A,N/A
17:26:04.075,N/A,0,0,0,-4.67,1.43,-97.29,N/A,N/A
17:26:04.091,N/A,0,0,0,-4.68,1.43,-97.27,N/A,N/A
